"";"date";"season";"year";"month";"day_of_week";"weekend";"holiday";"temp_actual";"temp_feel";"humidity";"windspeed";"weather_cat";"rides"
"1";2011-01-01;"winter";2011;"Jan";"Sat";TRUE;"no";14,110847;18,18125;80,5833;10,749882;"categ2";654
"2";2011-01-03;"winter";2011;"Jan";"Mon";FALSE;"no";8,050924;9,47025;43,7273;16,636703;"categ1";1229
"3";2011-01-04;"winter";2011;"Jan";"Tue";FALSE;"no";8,2;10,6061;59,0435;10,739832;"categ1";1454
"4";2011-01-05;"winter";2011;"Jan";"Wed";FALSE;"no";9,305237;11,4635;43,6957;12,5223;"categ1";1518
"5";2011-01-07;"winter";2011;"Jan";"Fri";FALSE;"no";8,057402;10,44195;49,8696;11,304642;"categ2";1362
"6";2011-01-08;"winter";2011;"Jan";"Sat";TRUE;"no";6,765;8,1127;53,5833;17,875868;"categ2";891
"7";2011-01-10;"winter";2011;"Jan";"Mon";FALSE;"no";6,184153;7,5444;48,2917;14,958889;"categ1";1280
"8";2011-01-11;"winter";2011;"Jan";"Tue";FALSE;"no";6,932731;9,5732;68,6364;8,182844;"categ2";1220
"9";2011-01-12;"winter";2011;"Jan";"Wed";FALSE;"no";7,081807;8,02365;59,9545;20,410009;"categ1";1137
"10";2011-01-13;"winter";2011;"Jan";"Thu";FALSE;"no";6,765;7,54415;47,0417;20,167;"categ1";1368
"11";2011-01-14;"winter";2011;"Jan";"Fri";FALSE;"no";6,59567;9,42065;53,7826;8,478716;"categ1";1367
"12";2011-01-15;"winter";2011;"Jan";"Sat";TRUE;"no";9,566653;12,4056;49,875;10,583521;"categ2";1026
"13";2011-01-16;"winter";2011;"Jan";"Sun";TRUE;"no";9,498347;11,71085;48,375;12,625011;"categ1";953
"14";2011-01-17;"winter";2011;"Jan";"Mon";FALSE;"yes";7,209153;8,83855;53,75;12,999139;"categ2";883
"15";2011-01-18;"winter";2011;"Jan";"Tue";FALSE;"no";8,883347;11,61665;86,1667;9,833925;"categ2";674
"16";2011-01-19;"winter";2011;"Jan";"Wed";FALSE;"no";11,979134;14,9211;74,1739;13,957239;"categ2";1572
"17";2011-01-20;"winter";2011;"Jan";"Thu";FALSE;"no";10,728347;12,7525;53,8333;13,125568;"categ2";1844
"18";2011-01-21;"winter";2011;"Jan";"Fri";FALSE;"no";7,2775;7,89165;45,7083;23,667214;"categ1";1468
"19";2011-01-25;"winter";2011;"Jan";"Tue";FALSE;"no";9,162598;11,7263;61,6957;8,696332;"categ2";1799
"20";2011-01-26;"winter";2011;"Jan";"Wed";FALSE;"no";8,9175;10,18;86,25;19,68795;"categ3";472
"21";2011-01-27;"winter";2011;"Jan";"Thu";FALSE;"no";7,995;10,985;68,75;7,627079;"categ1";416
"22";2011-01-29;"winter";2011;"Jan";"Sat";TRUE;"no";8,057402;10,6063;65,1739;9,739455;"categ1";975
"23";2011-01-30;"winter";2011;"Jan";"Sun";TRUE;"no";8,877402;12,5161;72,2174;4,9568342;"categ1";956
"24";2011-01-31;"winter";2011;"Jan";"Mon";FALSE;"no";7,414153;9,3125;60,375;12,541864;"categ2";1459
"25";2011-02-01;"winter";2011;"Feb";"Tue";FALSE;"no";7,879134;11,7265;82,9565;3,565271;"categ2";1313
"26";2011-02-02;"winter";2011;"Feb";"Wed";FALSE;"no";10,66;12,72085;77,5417;17,708636;"categ2";1454
"27";2011-02-03;"winter";2011;"Feb";"Thu";FALSE;"no";7,665237;8,8939;43,7826;18,609384;"categ1";1489
"28";2011-02-05;"winter";2011;"Feb";"Sat";TRUE;"no";9,566653;12,1529;92,9167;10,792293;"categ2";905
"29";2011-02-06;"winter";2011;"Feb";"Sun";TRUE;"no";11,719153;14,58355;56,8333;9,5006;"categ1";1269
"30";2011-02-07;"winter";2011;"Feb";"Mon";FALSE;"no";11,138347;15,1829;73,8333;3,0423561;"categ1";1592
"31";2011-02-08;"winter";2011;"Feb";"Tue";FALSE;"no";9,054153;9,9123;53,7917;24,25065;"categ1";1466
"32";2011-02-10;"winter";2011;"Feb";"Thu";FALSE;"no";5,918268;7,4774;43,7391;14,869645;"categ1";1491
"33";2011-02-11;"winter";2011;"Feb";"Fri";FALSE;"no";7,752731;10,67545;50,6364;7,27285;"categ1";1597
"34";2011-02-12;"winter";2011;"Feb";"Sat";TRUE;"no";9,1225;11,6477;54,4167;13,625589;"categ1";1184
"35";2011-02-13;"winter";2011;"Feb";"Sun";TRUE;"no";12,977402;16,20565;45,7391;17,479161;"categ1";1192
"36";2011-02-14;"winter";2011;"Feb";"Mon";FALSE;"no";17,015;19,9175;37,5833;27,999836;"categ1";1705
"37";2011-02-15;"winter";2011;"Feb";"Tue";FALSE;"no";10,909567;12,7137;31,4348;19,522058;"categ1";1675
"38";2011-02-16;"winter";2011;"Feb";"Wed";FALSE;"no";13,048701;15,81;42,3478;16,869997;"categ1";1897
"39";2011-02-17;"winter";2011;"Feb";"Thu";FALSE;"no";17,869153;21,4329;50,5;15,416968;"categ1";2216
"40";2011-02-18;"winter";2011;"Feb";"Fri";FALSE;"no";21,388347;25,59915;51,6667;17,749975;"categ1";2348
"41";2011-02-19;"winter";2011;"Feb";"Sat";TRUE;"no";16,365847;19,5702;18,7917;34,000021;"categ1";1103
"42";2011-02-20;"winter";2011;"Feb";"Sun";TRUE;"no";11,693897;13,8665;40,7826;14,956745;"categ1";1173
"43";2011-02-21;"winter";2011;"Feb";"Mon";FALSE;"yes";12,436653;14,20375;60,5;20,625682;"categ2";912
"44";2011-02-22;"winter";2011;"Feb";"Tue";FALSE;"no";7,471102;9,30165;57,7778;13,110761;"categ1";1376
"45";2011-02-23;"winter";2011;"Feb";"Wed";FALSE;"no";9,091299;12,28585;42,3043;6,305571;"categ1";1778
"46";2011-02-24;"winter";2011;"Feb";"Thu";FALSE;"no";12,121732;14,45955;69,7391;16,783232;"categ2";1707
"47";2011-02-25;"winter";2011;"Feb";"Fri";FALSE;"no";14,938268;17,52305;71,2174;23,218113;"categ2";1341
"48";2011-02-26;"winter";2011;"Feb";"Sat";TRUE;"no";11,5825;14,1096;53,7917;12,500257;"categ1";1545
"49";2011-02-27;"winter";2011;"Feb";"Sun";TRUE;"no";14,082598;17,55545;68;8,391616;"categ1";1708
"50";2011-03-01;"winter";2011;"Mar";"Tue";FALSE;"no";10,933347;13,19395;53,5;14,500475;"categ1";1714
"51";2011-03-03;"winter";2011;"Mar";"Thu";FALSE;"no";8,131653;10,00665;31,8333;15,125518;"categ1";1562
"52";2011-03-04;"winter";2011;"Mar";"Fri";FALSE;"no";10,728347;12,78395;61,0417;13,624182;"categ2";1730
"53";2011-03-05;"winter";2011;"Mar";"Sat";TRUE;"no";15,750847;18,93895;78,9167;16,875357;"categ2";1437
"54";2011-03-07;"winter";2011;"Mar";"Mon";FALSE;"no";10,731299;11,92305;55,1304;22,870584;"categ1";1628
"55";2011-03-08;"winter";2011;"Mar";"Tue";FALSE;"no";11,9925;15,12;42,0833;8,08355;"categ1";1817
"56";2011-03-09;"winter";2011;"Mar";"Wed";FALSE;"no";12,129153;14,3304;77,5417;14,75005;"categ2";1700
"57";2011-03-10;"winter";2011;"Mar";"Thu";FALSE;"no";15,952731;19,2834;0;17,545759;"categ3";577
"58";2011-03-11;"winter";2011;"Mar";"Fri";FALSE;"no";12,977402;15,25;64,9565;15,60899;"categ2";1730
"59";2011-03-12;"winter";2011;"Mar";"Sat";TRUE;"no";13,495847;16,2875;59,4583;14,791925;"categ1";1408
"60";2011-03-13;"winter";2011;"Mar";"Sun";TRUE;"no";15,758268;19,00455;52,7391;18,130468;"categ1";1435
"61";2011-03-14;"winter";2011;"Mar";"Mon";FALSE;"no";13,333897;16,6;49,6957;9,174042;"categ1";1687
"62";2011-03-15;"winter";2011;"Mar";"Tue";FALSE;"no";13,013031;15,9089;65,5652;12,348703;"categ2";1767
"63";2011-03-16;"winter";2011;"Mar";"Wed";FALSE;"no";14,973897;18,3465;77,6522;13,608839;"categ2";1871
"64";2011-03-17;"winter";2011;"Mar";"Thu";FALSE;"no";17,015;20,51665;60,2917;14,041793;"categ1";2320
"65";2011-03-18;"winter";2011;"Mar";"Fri";FALSE;"no";22,14;26,35045;52,5217;15,478139;"categ1";2355
"66";2011-03-19;"winter";2011;"Mar";"Sat";TRUE;"no";19,3725;23,32625;37,9167;24,667189;"categ1";1693
"67";2011-03-20;"winter";2011;"Mar";"Sun";TRUE;"no";13,6325;16,2875;47,375;13,917307;"categ1";1424
"68";2011-03-21;"spring";2011;"Mar";"Mon";FALSE;"no";17,647835;20,48675;73,7391;19,348461;"categ2";1676
"69";2011-03-23;"spring";2011;"Mar";"Wed";FALSE;"no";14,225237;16,89695;83,9565;15,695487;"categ2";1918
"70";2011-03-24;"spring";2011;"Mar";"Thu";FALSE;"no";11,685;13,54165;80,5833;16,333729;"categ2";1699
"71";2011-03-26;"spring";2011;"Mar";"Sat";TRUE;"no";10,899153;12,87855;39,4167;14,041257;"categ1";1515
"72";2011-03-27;"spring";2011;"Mar";"Sun";TRUE;"no";10,374763;12,51695;49,3913;12,3481;"categ2";1221
"73";2011-03-28;"spring";2011;"Mar";"Mon";FALSE;"no";10,838268;12,8787;30,2174;14,217668;"categ1";1806
"74";2011-03-29;"spring";2011;"Mar";"Tue";FALSE;"no";12,4025;14,6454;31,4167;15,208732;"categ1";2108
"75";2011-03-30;"spring";2011;"Mar";"Wed";FALSE;"no";12,3;14,8675;64,6667;11,583496;"categ2";1368
"76";2011-03-31;"spring";2011;"Mar";"Thu";FALSE;"no";11,001653;12,87875;91,8333;14,582282;"categ3";1506
"77";2011-04-01;"spring";2011;"Apr";"Fri";FALSE;"no";12,3;14,1727;68,625;17,333436;"categ2";1920
"78";2011-04-02;"spring";2011;"Apr";"Sat";TRUE;"no";12,915;15,78185;65,375;13,208782;"categ2";1354
"79";2011-04-03;"spring";2011;"Apr";"Sun";TRUE;"no";15,511653;18,93835;48;12,208271;"categ1";1598
"80";2011-04-04;"spring";2011;"Apr";"Mon";FALSE;"no";23,506653;27,14645;42,625;25,833257;"categ1";2381
"81";2011-04-05;"spring";2011;"Apr";"Tue";FALSE;"no";16,980847;19,9175;64,2083;26,000489;"categ2";1628
"82";2011-04-07;"spring";2011;"Apr";"Thu";FALSE;"no";17,9375;21,6848;60,2917;10,874904;"categ1";2570
"83";2011-04-08;"spring";2011;"Apr";"Fri";FALSE;"no";13,769153;16,22395;83,625;15,208464;"categ2";1299
"84";2011-04-09;"spring";2011;"Apr";"Sat";TRUE;"no";14,0425;17,07645;87,75;8,916561;"categ2";1576
"85";2011-04-10;"spring";2011;"Apr";"Sun";TRUE;"no";17,493347;21,33685;85,75;9,833389;"categ2";1707
"86";2011-04-11;"spring";2011;"Apr";"Mon";FALSE;"no";24,421732;28,26085;71,6956;21,739758;"categ2";2493
"87";2011-04-12;"spring";2011;"Apr";"Tue";FALSE;"no";20,6025;24,6527;73,9167;18,416893;"categ2";1777
"88";2011-04-13;"spring";2011;"Apr";"Wed";FALSE;"no";16,9125;20,86415;81,9167;16,791339;"categ2";1953
"89";2011-04-14;"spring";2011;"Apr";"Thu";FALSE;"no";19,1675;23,1371;54,0417;7,4169;"categ1";2738
"90";2011-04-15;"spring";2011;"Apr";"Fri";FALSE;"yes";18,313347;22,09565;67,125;15,167125;"categ1";2484
"91";2011-04-16;"spring";2011;"Apr";"Sat";TRUE;"no";17,664153;21,2746;88,8333;22,834136;"categ3";674
"92";2011-04-17;"spring";2011;"Apr";"Sun";TRUE;"no";18,723347;22,2848;47,9583;20,334232;"categ1";2186
"93";2011-04-18;"spring";2011;"Apr";"Mon";FALSE;"no";21,0125;25,1573;54,25;10,958989;"categ1";2760
"94";2011-04-19;"spring";2011;"Apr";"Tue";FALSE;"no";20,739153;24,4629;66,5833;10,584057;"categ2";2795
"95";2011-04-20;"spring";2011;"Apr";"Wed";FALSE;"no";24,395;28,2196;61,4167;16,208975;"categ1";3331
"96";2011-04-21;"spring";2011;"Apr";"Thu";FALSE;"no";18,825847;22,6946;40,7083;21,792286;"categ1";3444
"97";2011-04-22;"spring";2011;"Apr";"Fri";FALSE;"no";13,803347;16,0977;72,9583;14,707907;"categ2";1506
"98";2011-04-23;"spring";2011;"Apr";"Sat";TRUE;"no";18,86;22,50605;88,7917;15,458575;"categ2";2574
"99";2011-04-24;"spring";2011;"Apr";"Sun";TRUE;"no";23,848347;27,58815;81,0833;12,875725;"categ2";2481
"100";2011-04-25;"spring";2011;"Apr";"Mon";FALSE;"no";24,873347;28,725;77,6667;12,417311;"categ1";3300
"101";2011-04-26;"spring";2011;"Apr";"Tue";FALSE;"no";25,898347;29,70415;72,9167;21,8755;"categ1";3722
"102";2011-04-27;"spring";2011;"Apr";"Wed";FALSE;"no";25,42;28,7571;83,5417;20,9174;"categ2";3325
"103";2011-04-28;"spring";2011;"Apr";"Thu";FALSE;"no";25,3175;28,94645;70,0833;21,500836;"categ2";3489
"104";2011-04-29;"spring";2011;"Apr";"Fri";FALSE;"no";20,91;24,87315;45,7083;16,084221;"categ1";3717
"105";2011-04-30;"spring";2011;"Apr";"Sat";TRUE;"no";19,3725;23,20105;50,3333;15,750025;"categ1";3347
"106";2011-05-01;"spring";2011;"May";"Sun";TRUE;"no";18,518347;22,4102;76,2083;7,125718;"categ2";2213
"107";2011-05-02;"spring";2011;"May";"Mon";FALSE;"no";22,515847;26,64165;73;12,291418;"categ2";3554
"108";2011-05-03;"spring";2011;"May";"Tue";FALSE;"no";25,283347;29,10395;69,7083;22,958689;"categ2";3848
"109";2011-05-04;"spring";2011;"May";"Wed";FALSE;"no";16,980847;20,2325;73,7083;22,042732;"categ2";2378
"110";2011-05-05;"spring";2011;"May";"Thu";FALSE;"no";18,825847;22,09585;44,4167;19,791264;"categ1";3819
"111";2011-05-06;"spring";2011;"May";"Fri";FALSE;"no";19,645847;23,70585;59;15,292482;"categ1";3714
"112";2011-05-07;"spring";2011;"May";"Sat";TRUE;"no";21,32;25,63105;54,125;10,75015;"categ1";3102
"113";2011-05-08;"spring";2011;"May";"Sun";TRUE;"no";21,661653;25,94665;63,1667;5,0007125;"categ1";2932
"114";2011-05-10;"spring";2011;"May";"Tue";FALSE;"no";21,8325;26,13605;48,9167;7,749957;"categ1";4109
"115";2011-05-11;"spring";2011;"May";"Wed";FALSE;"no";22,2425;26,42;63,2917;8,083014;"categ1";3632
"116";2011-05-12;"spring";2011;"May";"Thu";FALSE;"no";21,935;26,16815;74,75;12,707689;"categ1";4169
"117";2011-05-13;"spring";2011;"May";"Fri";FALSE;"no";21,0125;24,715;86,3333;12,041575;"categ2";3413
"118";2011-05-14;"spring";2011;"May";"Sat";TRUE;"no";21,354153;25,03145;92,25;9,04165;"categ2";2507
"119";2011-05-15;"spring";2011;"May";"Sun";TRUE;"no";23,0625;26,8;86,7083;10,249593;"categ2";2971
"120";2011-05-16;"spring";2011;"May";"Mon";FALSE;"no";23,6775;27,5256;78,7917;8,500357;"categ1";3185
"121";2011-05-17;"spring";2011;"May";"Tue";FALSE;"no";23,028347;26,92645;83,7917;18,582718;"categ2";3445
"122";2011-05-18;"spring";2011;"May";"Wed";FALSE;"no";22,55;26,3579;87;13,499964;"categ2";3319
"123";2011-05-19;"spring";2011;"May";"Thu";FALSE;"no";21,764153;25,5371;82,9583;7,250271;"categ2";3840
"124";2011-05-20;"spring";2011;"May";"Fri";FALSE;"no";22,003347;26,4521;71,9583;8,375871;"categ1";4008
"125";2011-05-21;"spring";2011;"May";"Sat";TRUE;"no";24,7025;28,59875;62,6667;8,08355;"categ1";3547
"126";2011-05-22;"spring";2011;"May";"Sun";TRUE;"no";24,770847;28,725;74,9583;9,916536;"categ1";3084
"127";2011-05-23;"spring";2011;"May";"Mon";FALSE;"no";25,898347;29,5148;81;15,667414;"categ2";3438
"128";2011-05-24;"spring";2011;"May";"Tue";FALSE;"no";27,06;30,24065;74,0833;13,875164;"categ2";3833
"129";2011-06-03;"spring";2011;"Jun";"Fri";FALSE;"no";25,42;29,35665;35,4167;16,959107;"categ1";4414
"130";2011-06-04;"spring";2011;"Jun";"Sat";TRUE;"no";26,035;29,7348;45,625;8,250514;"categ1";3473
"131";2011-06-13;"spring";2011;"Jun";"Mon";FALSE;"no";26,035;30,0827;49,4583;20,45845;"categ1";4157
"132";2011-06-14;"spring";2011;"Jun";"Tue";FALSE;"no";24,770847;29,5773;50,7083;18,041961;"categ1";4164
"133";2011-06-16;"spring";2011;"Jun";"Thu";FALSE;"no";25,761653;29,7673;68,8333;13,833557;"categ2";3222
"134";2011-06-17;"spring";2011;"Jun";"Fri";FALSE;"no";26,615847;30,01915;73,5833;9,582943;"categ1";3981
"135";2011-06-20;"spring";2011;"Jun";"Mon";FALSE;"no";26,035;29,7673;74,625;10,416825;"categ2";3311
"136";2011-08-23;"summer";2011;"Aug";"Tue";FALSE;"no";26,274153;30,30335;45,5417;9,833121;"categ1";4614
"137";2011-08-29;"summer";2011;"Aug";"Mon";FALSE;"no";26,103347;30,3979;55,4583;10,708275;"categ1";3905
"138";2011-08-30;"summer";2011;"Aug";"Tue";FALSE;"no";26,205847;29,7352;54,8333;8,375536;"categ1";4429
"139";2011-09-02;"summer";2011;"Sep";"Fri";FALSE;"no";26,376653;30,2404;72,7083;9,375243;"categ2";3852
"140";2011-09-06;"summer";2011;"Sep";"Tue";FALSE;"no";22,14;25,76;88,6957;23,044181;"categ3";2506
"141";2011-09-07;"summer";2011;"Sep";"Wed";FALSE;"no";24,565847;27,21145;91,7083;6,5003936;"categ3";1878
"142";2011-09-08;"summer";2011;"Sep";"Thu";FALSE;"no";25,990433;27,76805;93,9565;12,914116;"categ3";1689
"143";2011-09-09;"summer";2011;"Sep";"Fri";FALSE;"no";26,65;28,9473;89,7917;8,333393;"categ2";3127
"144";2011-09-10;"summer";2011;"Sep";"Sat";TRUE;"no";27,06;30,3981;75,375;10,291736;"categ1";3595
"145";2011-09-11;"summer";2011;"Sep";"Sun";TRUE;"no";26,786653;30,46145;71,375;7,708618;"categ1";3413
"146";2011-09-12;"summer";2011;"Sep";"Mon";FALSE;"no";26,418268;30,1065;69,2174;5,957171;"categ1";4023
"147";2011-09-13;"summer";2011;"Sep";"Tue";FALSE;"no";26,684153;30,1777;71,25;9,500868;"categ1";4062
"148";2011-09-16;"summer";2011;"Sep";"Fri";FALSE;"no";19,235847;23,07375;59,0417;11,000261;"categ2";4018
"149";2011-09-17;"summer";2011;"Sep";"Sat";TRUE;"no";20,158347;23,9256;71,8333;12,708225;"categ2";3077
"150";2011-09-18;"summer";2011;"Sep";"Sun";TRUE;"no";20,8075;24,52685;69,5;11,958361;"categ1";2921
"151";2011-09-19;"summer";2011;"Sep";"Mon";FALSE;"no";22,515847;26,48375;69;10,166714;"categ2";3848
"152";2011-09-20;"summer";2011;"Sep";"Tue";FALSE;"no";23,028347;26,61085;88,125;9,041918;"categ2";3203
"153";2011-09-21;"summer";2011;"Sep";"Wed";FALSE;"no";24,395;27,52665;90;6,4590814;"categ2";3813
"154";2011-09-22;"summer";2011;"Sep";"Thu";FALSE;"no";25,761653;27,74815;90,2083;8,584375;"categ2";4240
"155";2011-09-23;"fall";2011;"Sep";"Fri";FALSE;"no";24,975847;26,10625;97,25;5,2505689;"categ2";2137
"156";2011-09-24;"fall";2011;"Sep";"Sat";TRUE;"no";24,873347;28,2206;86,25;5,2516811;"categ2";3647
"157";2011-09-25;"fall";2011;"Sep";"Sun";TRUE;"no";26,000847;28,63185;84,5;3,3754064;"categ2";3466
"158";2011-09-26;"fall";2011;"Sep";"Mon";FALSE;"no";26,615847;29,4521;84,8333;7,4169;"categ2";3946
"159";2011-09-27;"fall";2011;"Sep";"Tue";FALSE;"no";26,103347;28,72625;88,5417;7,917457;"categ2";3643
"160";2011-09-28;"fall";2011;"Sep";"Wed";FALSE;"no";26,035;28,7579;84,875;9,958143;"categ2";3427
"161";2011-09-29;"fall";2011;"Sep";"Thu";FALSE;"no";25,283347;28,7256;69,9167;11,583161;"categ1";4186
"162";2011-09-30;"fall";2011;"Sep";"Fri";FALSE;"no";23,130847;27,24145;64,75;13,833825;"categ1";4372
"163";2011-10-01;"fall";2011;"Oct";"Sat";TRUE;"no";16,81;20,64315;75,375;19,583832;"categ2";1949
"164";2011-10-03;"fall";2011;"Oct";"Mon";FALSE;"no";15,750847;19,6023;76,0833;5,5841686;"categ2";3240
"165";2011-10-04;"fall";2011;"Oct";"Tue";FALSE;"no";19,850847;23,6429;71;13,792218;"categ1";3970
"166";2011-10-05;"fall";2011;"Oct";"Wed";FALSE;"no";22,071653;26,3569;64,7917;11,87575;"categ1";4267
"167";2011-10-07;"fall";2011;"Oct";"Fri";FALSE;"no";20,944153;25,2202;68,4167;1,5002439;"categ1";4036
"168";2011-10-08;"fall";2011;"Oct";"Sat";TRUE;"no";21,388347;25,6621;70,125;3,0420814;"categ1";3174
"169";2011-10-09;"fall";2011;"Oct";"Sun";TRUE;"no";22,174153;26,19915;72,75;4,25115;"categ1";3114
"170";2011-10-10;"fall";2011;"Oct";"Mon";FALSE;"yes";23,404153;27,14625;73,375;2,8343814;"categ1";3603
"171";2011-10-11;"fall";2011;"Oct";"Tue";FALSE;"no";23,233347;27,3048;80,875;9,583814;"categ2";3896
"172";2011-10-12;"fall";2011;"Oct";"Wed";FALSE;"no";22,276653;25,88585;90,625;16,62605;"categ3";2199
"173";2011-10-13;"fall";2011;"Oct";"Thu";FALSE;"no";24,155847;27,5902;89,6667;9,499729;"categ2";2623
"174";2011-10-14;"fall";2011;"Oct";"Fri";FALSE;"no";22,584153;26,48375;71,625;15,000161;"categ2";3115
"175";2011-10-15;"fall";2011;"Oct";"Sat";TRUE;"no";20,773347;24,93625;48,3333;17,291561;"categ1";3318
"176";2011-10-16;"fall";2011;"Oct";"Sun";TRUE;"no";20,978347;25,1577;48,6667;18,875039;"categ1";3293
"177";2011-10-17;"fall";2011;"Oct";"Mon";FALSE;"no";21,900847;25,53625;57,9583;11,750393;"categ1";3857
"178";2011-10-18;"fall";2011;"Oct";"Tue";FALSE;"no";21,8325;26,13605;70,1667;7,375829;"categ2";4111
"179";2011-10-20;"fall";2011;"Oct";"Thu";FALSE;"no";19,509153;23,32625;63,625;28,292425;"categ1";3724
"180";2011-10-21;"fall";2011;"Oct";"Fri";FALSE;"no";17,5275;21,1798;57,4167;14,833532;"categ1";3628
"181";2011-10-22;"fall";2011;"Oct";"Sat";TRUE;"no";17,3225;21,2746;62,9167;6,2086689;"categ1";2809
"182";2011-10-23;"fall";2011;"Oct";"Sun";TRUE;"no";17,288347;21,11665;74,125;6,6673375;"categ1";2762
"183";2011-10-24;"fall";2011;"Oct";"Mon";FALSE;"no";18,996653;22,85335;77,2083;7,959064;"categ1";3488
"184";2011-10-25;"fall";2011;"Oct";"Tue";FALSE;"no";19,338347;23,16875;62,2917;11,166086;"categ1";3992
"185";2011-10-26;"fall";2011;"Oct";"Wed";FALSE;"no";19,850847;23,6423;72,0417;9,959014;"categ2";3490
"186";2011-10-27;"fall";2011;"Oct";"Thu";FALSE;"no";19,27;22,8523;81,2917;13,250121;"categ2";2419
"187";2011-10-28;"fall";2011;"Oct";"Fri";FALSE;"no";13,564153;15,9406;58,5833;15,375093;"categ2";3291
"188";2011-10-29;"fall";2011;"Oct";"Sat";TRUE;"no";10,420847;11,39565;88,25;23,541857;"categ3";570
"189";2011-10-31;"fall";2011;"Oct";"Mon";FALSE;"no";13,94;17,80315;70,3333;7,12545;"categ1";3307
"190";2011-11-01;"fall";2011;"Nov";"Tue";FALSE;"no";16,434153;19,8544;68,375;9,083257;"categ1";3658
"191";2011-11-02;"fall";2011;"Nov";"Wed";FALSE;"no";15,4775;19,50665;71,875;5,5001439;"categ1";3816
"192";2011-11-03;"fall";2011;"Nov";"Thu";FALSE;"no";16,741653;20,29605;70,2083;9,166739;"categ1";3656
"193";2011-11-04;"fall";2011;"Nov";"Fri";FALSE;"no";16,536653;20,1696;62,25;18,209193;"categ2";3576
"194";2011-11-05;"fall";2011;"Nov";"Sat";TRUE;"no";13,393347;16,1927;51,9167;12,667154;"categ1";2770
"195";2011-11-06;"fall";2011;"Nov";"Sun";TRUE;"no";14,281653;18,1179;73,4583;6,1676314;"categ1";2697
"196";2011-11-07;"fall";2011;"Nov";"Mon";FALSE;"no";16,195;20,04355;75,875;3,834075;"categ1";3662
"197";2011-11-08;"fall";2011;"Nov";"Tue";FALSE;"no";16,741653;20,6123;72,1667;4,6255125;"categ1";3829
"198";2011-11-09;"fall";2011;"Nov";"Wed";FALSE;"no";16,4;20,45395;75,8333;4,1671186;"categ1";3804
"199";2011-11-10;"fall";2011;"Nov";"Thu";FALSE;"no";15,58;18,68605;81,3333;12,667489;"categ2";2743
"200";2011-11-11;"fall";2011;"Nov";"Fri";FALSE;"yes";13,290847;15,34085;44,625;21,083225;"categ1";2928
"201";2011-11-12;"fall";2011;"Nov";"Sat";TRUE;"no";14,623347;17,8971;55,2917;14,208154;"categ1";2792
"202";2011-11-13;"fall";2011;"Nov";"Sun";TRUE;"no";18,074153;21,5275;45,8333;18,875307;"categ1";2713
"203";2011-11-15;"fall";2011;"Nov";"Tue";FALSE;"no";21,73;25,37895;68,875;13,375411;"categ2";3746
"204";2011-11-16;"fall";2011;"Nov";"Wed";FALSE;"no";18,723347;22,5994;93;9,167543;"categ3";1672
"205";2011-11-17;"fall";2011;"Nov";"Thu";FALSE;"no";14,008347;16,16105;57,5833;20,459254;"categ2";2914
"206";2011-11-18;"fall";2011;"Nov";"Fri";FALSE;"no";11,240847;13,63605;41;11,291711;"categ1";3147
"207";2011-11-19;"fall";2011;"Nov";"Sat";TRUE;"no";13,495847;16,22415;50,2083;15,041232;"categ1";2720
"208";2011-11-20;"fall";2011;"Nov";"Sun";TRUE;"no";18,996653;22,8529;68,4583;12,45865;"categ2";2733
"209";2011-11-21;"fall";2011;"Nov";"Mon";FALSE;"no";18,3475;22,2531;91;9,249618;"categ3";2545
"210";2011-11-22;"fall";2011;"Nov";"Tue";FALSE;"no";17,083347;21,0848;96,25;7,959064;"categ3";1538
"211";2011-11-23;"fall";2011;"Nov";"Wed";FALSE;"no";18,074153;21,52685;75,7917;22,500275;"categ2";2454
"212";2011-11-25;"fall";2011;"Nov";"Fri";FALSE;"no";15,375;19,03355;64,375;6,6260186;"categ1";1697
"213";2011-11-26;"fall";2011;"Nov";"Sat";TRUE;"no";15,409153;19,25435;68,1667;4,5841936;"categ1";1819
"214";2011-11-27;"fall";2011;"Nov";"Sun";TRUE;"no";18,825847;22,79;69,8333;13,999918;"categ1";2261
"215";2011-11-28;"fall";2011;"Nov";"Mon";FALSE;"no";20,642598;24,5061;74,3043;9,522174;"categ1";3614
"216";2011-11-29;"fall";2011;"Nov";"Tue";FALSE;"no";18,791653;22,56875;83,0833;17,292164;"categ2";2818
"217";2011-11-30;"fall";2011;"Nov";"Wed";FALSE;"no";13,325;15,56105;61,3333;18,167586;"categ1";3425
"218";2011-12-01;"fall";2011;"Dec";"Thu";FALSE;"no";12,8125;15,2777;52,4583;14,750586;"categ1";3545
"219";2011-12-02;"fall";2011;"Dec";"Fri";FALSE;"no";12,880847;16,57165;62,5833;6,750518;"categ1";3672
"220";2011-12-03;"fall";2011;"Dec";"Sat";TRUE;"no";12,265847;15,5302;61,2917;6,4174811;"categ1";2908
"221";2011-12-04;"fall";2011;"Dec";"Sun";TRUE;"no";13,564153;17,455;77,5833;5,6252061;"categ1";2851
"222";2011-12-05;"fall";2011;"Dec";"Mon";FALSE;"no";15,819153;19,69625;82,7083;4,1679561;"categ2";3578
"223";2011-12-06;"fall";2011;"Dec";"Tue";FALSE;"no";18,9625;22,82;94,9583;15,583061;"categ3";2468
"224";2011-12-07;"fall";2011;"Dec";"Wed";FALSE;"no";16,81;20,0123;97,0417;17,833725;"categ3";655
"225";2011-12-08;"fall";2011;"Dec";"Thu";FALSE;"no";10,899153;12,8469;58;16,083886;"categ1";3172
"226";2011-12-09;"fall";2011;"Dec";"Fri";FALSE;"no";11,924153;15,8771;69,5833;5,5420189;"categ1";3359
"227";2011-12-11;"fall";2011;"Dec";"Sun";TRUE;"no";9,054153;12,6577;49;4,4582939;"categ1";2366
"228";2011-12-13;"fall";2011;"Dec";"Tue";FALSE;"no";11,5825;15,0569;59;9,41685;"categ1";3368
"229";2011-12-15;"fall";2011;"Dec";"Thu";FALSE;"no";17,3225;20,61185;63,4167;17,958814;"categ2";3528
"230";2011-12-16;"fall";2011;"Dec";"Fri";FALSE;"no";15,375;17,99125;50,0417;17,458525;"categ2";3399
"231";2011-12-17;"fall";2011;"Dec";"Sat";TRUE;"no";10,591653;12,46855;56,0833;16,292189;"categ2";2464
"232";2011-12-18;"fall";2011;"Dec";"Sun";TRUE;"no";9,771653;12,27895;58,625;11,375193;"categ1";2211
"233";2011-12-19;"fall";2011;"Dec";"Mon";FALSE;"no";11,343347;14,04665;63,75;11,584032;"categ1";3143
"234";2011-12-20;"fall";2011;"Dec";"Tue";FALSE;"no";15,819153;19,8227;59,5417;4,1252436;"categ2";3534
"235";2011-12-21;"winter";2011;"Dec";"Wed";FALSE;"no";17,561653;21,40085;85,8333;14,8338;"categ2";2553
"236";2011-12-22;"winter";2011;"Dec";"Thu";FALSE;"no";17,356653;21,30605;75,75;3,167425;"categ2";2841
"237";2011-12-23;"winter";2011;"Dec";"Fri";FALSE;"no";15,306653;18,87565;68,625;18,374482;"categ1";2046
"238";2011-12-24;"winter";2011;"Dec";"Sat";TRUE;"no";12,4025;14,9621;54,25;12,750368;"categ1";856
"239";2011-12-26;"winter";2011;"Dec";"Mon";FALSE;"yes";13,191299;15,77675;50,6957;16,044155;"categ1";887
"240";2011-12-27;"winter";2011;"Dec";"Tue";FALSE;"no";13,325;16,38165;76,25;12,62615;"categ2";1059
"241";2011-12-28;"winter";2011;"Dec";"Wed";FALSE;"no";12,26433;13,9987;50,3913;19,695387;"categ1";2047
"242";2011-12-30;"winter";2011;"Dec";"Fri";FALSE;"no";12,778347;15,9406;63,6667;9,000579;"categ1";2508
"243";2011-12-31;"winter";2011;"Dec";"Sat";TRUE;"no";16,81;20,70605;61,5833;14,750318;"categ1";1820
"244";2012-01-01;"winter";2012;"Jan";"Sun";TRUE;"no";15,17;18,78105;69,25;12,875189;"categ1";1608
"245";2012-01-02;"winter";2012;"Jan";"Mon";FALSE;"yes";11,194763;12,6152;38,1304;22,087555;"categ1";1707
"246";2012-01-05;"winter";2012;"Jan";"Thu";FALSE;"no";10,899153;13,9206;52,4167;8,709129;"categ1";3132
"247";2012-01-06;"winter";2012;"Jan";"Fri";FALSE;"no";13,700847;17,01335;54,2083;11,249836;"categ1";3791
"248";2012-01-08;"winter";2012;"Jan";"Sun";TRUE;"no";13,8375;17,0129;46,5;12,833314;"categ1";2826
"249";2012-01-10;"winter";2012;"Jan";"Tue";FALSE;"no";12,656536;15,9413;64,6522;12,565984;"categ1";3425
"250";2012-01-11;"winter";2012;"Jan";"Wed";FALSE;"no";11,240847;14,14105;84,75;8,791807;"categ2";2085
"251";2012-01-12;"winter";2012;"Jan";"Thu";FALSE;"no";15,6825;19,0969;80,2917;12,124789;"categ2";3828
"252";2012-01-13;"winter";2012;"Jan";"Fri";FALSE;"no";11,240847;12,4681;50,75;25,333236;"categ1";3040
"253";2012-01-14;"winter";2012;"Jan";"Sat";TRUE;"no";7,38;9,15435;45,75;12,541261;"categ1";2160
"254";2012-01-15;"winter";2012;"Jan";"Sun";TRUE;"no";6,833347;8,08125;41,9167;16,834286;"categ1";2027
"255";2012-01-16;"winter";2012;"Jan";"Mon";FALSE;"yes";7,79;9,53315;52,25;15,500986;"categ1";2081
"256";2012-01-17;"winter";2012;"Jan";"Tue";FALSE;"no";15,294763;18,2139;71,6087;23,39171;"categ2";2808
"257";2012-01-18;"winter";2012;"Jan";"Wed";FALSE;"no";12,436653;13,7627;44,3333;27,833743;"categ1";3267
"258";2012-01-19;"winter";2012;"Jan";"Thu";FALSE;"no";7,79;9,5019;49,75;14,750586;"categ1";3162
"259";2012-01-20;"winter";2012;"Jan";"Fri";FALSE;"no";8,9175;11,0479;45;13,58425;"categ2";3048
"260";2012-01-21;"winter";2012;"Jan";"Sat";TRUE;"no";7,106653;8,74375;83,125;14,917014;"categ2";1234
"261";2012-01-22;"winter";2012;"Jan";"Sun";TRUE;"no";6,6625;8,1125;79,625;13,375746;"categ2";1781
"262";2012-01-23;"winter";2012;"Jan";"Mon";FALSE;"no";8,951653;12,1529;91,125;7,417436;"categ2";2287
"263";2012-01-24;"winter";2012;"Jan";"Tue";FALSE;"no";14,0425;17,4554;83,5833;8,292389;"categ1";3900
"264";2012-01-25;"winter";2012;"Jan";"Wed";FALSE;"no";12,060847;14,74105;64,375;10,791757;"categ1";3803
"265";2012-01-26;"winter";2012;"Jan";"Thu";FALSE;"no";14,008347;17,8025;76,9583;4,9175186;"categ2";3831
"266";2012-01-28;"winter";2012;"Jan";"Sat";TRUE;"no";12,949153;16,31895;54,3333;14,125543;"categ1";3248
"267";2012-01-29;"winter";2012;"Jan";"Sun";TRUE;"no";11,5825;13,63605;31,125;16,08335;"categ1";2685
"268";2012-01-30;"winter";2012;"Jan";"Mon";FALSE;"no";11,035847;13,13125;40,0833;14,458064;"categ1";3498
"269";2012-01-31;"winter";2012;"Jan";"Tue";FALSE;"no";15,99;19,06585;41,6667;17,541739;"categ1";4185
"270";2012-02-01;"winter";2012;"Feb";"Wed";FALSE;"no";19,235847;23,3269;50,7917;12,667489;"categ1";4275
"271";2012-02-02;"winter";2012;"Feb";"Thu";FALSE;"no";16,365847;19,94855;67,2917;12,541529;"categ2";3571
"272";2012-02-03;"winter";2012;"Feb";"Fri";FALSE;"no";12,846653;15,4673;52,6667;11,959232;"categ1";3841
"273";2012-02-04;"winter";2012;"Feb";"Sat";TRUE;"no";10,830847;13,63625;77,9583;8,167032;"categ2";2448
"274";2012-02-05;"winter";2012;"Feb";"Sun";TRUE;"no";10,899153;13,22605;68,7917;11,791732;"categ2";2629
"275";2012-02-06;"winter";2012;"Feb";"Mon";FALSE;"no";11,586969;14,8213;62,2174;10,3046;"categ1";3578
"276";2012-02-07;"winter";2012;"Feb";"Tue";FALSE;"no";14,520847;18,0552;49,625;9,874393;"categ1";4176
"277";2012-02-08;"winter";2012;"Feb";"Wed";FALSE;"no";10,523347;13,32105;72,2917;8,959307;"categ2";2693
"278";2012-02-09;"winter";2012;"Feb";"Thu";FALSE;"no";10,865;13,0994;56,2083;13,000479;"categ1";3667
"279";2012-02-10;"winter";2012;"Feb";"Fri";FALSE;"no";11,514153;14,6779;54;7,834243;"categ2";3604
"280";2012-02-11;"winter";2012;"Feb";"Sat";TRUE;"no";9,190847;10,54335;73,125;19,416332;"categ3";1977
"281";2012-02-13;"winter";2012;"Feb";"Mon";FALSE;"no";9,1225;11,39565;41,125;11,207961;"categ1";3328
"282";2012-02-14;"winter";2012;"Feb";"Tue";FALSE;"no";13,085847;16,6973;50,875;9,458993;"categ2";3787
"283";2012-02-15;"winter";2012;"Feb";"Wed";FALSE;"no";14,281653;17,58145;53,125;12,1672;"categ1";4028
"284";2012-02-16;"winter";2012;"Feb";"Thu";FALSE;"no";12,983347;16,5081;75,2917;6,125475;"categ2";2931
"285";2012-02-17;"winter";2012;"Feb";"Fri";FALSE;"no";14,076653;17,58145;63,4583;13,791682;"categ1";3805
"286";2012-02-18;"winter";2012;"Feb";"Sat";TRUE;"no";14,213347;17,77125;53,4583;12,792243;"categ1";2883
"287";2012-02-19;"winter";2012;"Feb";"Sun";TRUE;"no";11,48;13,2894;51,5833;16,958504;"categ2";2071
"288";2012-02-20;"winter";2012;"Feb";"Mon";FALSE;"yes";11,48;13,66955;50,7826;15,348561;"categ1";2627
"289";2012-02-21;"winter";2012;"Feb";"Tue";FALSE;"no";11,800866;14,75565;59,4348;13,783039;"categ1";3614
"290";2012-02-22;"winter";2012;"Feb";"Wed";FALSE;"no";16,229153;19,63335;56,7917;15,709557;"categ1";4379
"291";2012-02-23;"winter";2012;"Feb";"Thu";FALSE;"no";18,620847;22,2223;55,4583;12,791171;"categ1";4546
"292";2012-02-24;"winter";2012;"Feb";"Fri";FALSE;"no";16,7075;20,54855;73,75;15,916989;"categ2";3241
"293";2012-02-25;"winter";2012;"Feb";"Sat";TRUE;"no";11,924153;12,78375;39,5833;28,250014;"categ1";2415
"294";2012-02-27;"winter";2012;"Feb";"Mon";FALSE;"no";15,033347;17,8977;49,0833;17,958211;"categ1";4069
"295";2012-02-28;"winter";2012;"Feb";"Tue";FALSE;"no";14,725847;17,67625;39,5833;12,958939;"categ1";4134
"296";2012-02-29;"winter";2012;"Feb";"Wed";FALSE;"no";14,118268;17,4235;80,4783;12,000839;"categ2";1769
"297";2012-03-01;"winter";2012;"Mar";"Thu";FALSE;"no";19,919153;23,76855;61,5417;15,208129;"categ1";4665
"298";2012-03-02;"winter";2012;"Mar";"Fri";FALSE;"no";14,486653;17,9921;65,7083;9,708568;"categ2";2948
"299";2012-03-03;"winter";2012;"Mar";"Sat";TRUE;"no";16,980847;20,6746;62,125;10,792293;"categ2";3110
"300";2012-03-04;"winter";2012;"Mar";"Sun";TRUE;"no";13,359153;15,15105;40,3333;22,416257;"categ1";2713
"301";2012-03-05;"winter";2012;"Mar";"Mon";FALSE;"no";9,976653;12,05855;50,625;15,333486;"categ1";3130
"302";2012-03-06;"winter";2012;"Mar";"Tue";FALSE;"no";10,591653;12,7521;45,6667;13,458625;"categ1";3735
"303";2012-03-07;"winter";2012;"Mar";"Wed";FALSE;"no";16,570847;19,255;51,3333;23,167193;"categ1";4484
"304";2012-03-08;"winter";2012;"Mar";"Thu";FALSE;"no";21,6275;26,2302;56,75;29,584721;"categ1";4896
"305";2012-03-09;"winter";2012;"Mar";"Fri";FALSE;"no";16,844153;19,85415;40,7083;27,7916;"categ2";4122
"306";2012-03-10;"winter";2012;"Mar";"Sat";TRUE;"no";11,7875;13,88835;35,0417;15,12525;"categ1";3150
"307";2012-03-11;"winter";2012;"Mar";"Sun";TRUE;"no";14,831299;17,9835;47,6957;14,913329;"categ1";3253
"308";2012-03-12;"winter";2012;"Mar";"Mon";FALSE;"no";19,133347;22,9796;48,9167;13,916771;"categ1";4460
"309";2012-03-13;"winter";2012;"Mar";"Tue";FALSE;"no";23,165;27,14645;61,75;15,87565;"categ1";5085
"310";2012-03-14;"winter";2012;"Mar";"Wed";FALSE;"no";23,4725;27,43085;50,7083;7,709154;"categ1";5315
"311";2012-03-15;"winter";2012;"Mar";"Thu";FALSE;"no";22,8575;26,64125;57,9583;10,042161;"categ1";5187
"312";2012-03-16;"winter";2012;"Mar";"Fri";FALSE;"no";17,869153;21,81145;84,2083;7,583864;"categ2";3830
"313";2012-03-17;"winter";2012;"Mar";"Sat";TRUE;"no";21,080847;25,2523;75,5833;7,417168;"categ2";4681
"314";2012-03-18;"winter";2012;"Mar";"Sun";TRUE;"no";19,3725;23,2;81;8,501161;"categ2";3685
"315";2012-03-19;"winter";2012;"Mar";"Mon";FALSE;"no";22,345;26,64105;72,875;10,875239;"categ1";5171
"316";2012-03-20;"winter";2012;"Mar";"Tue";FALSE;"no";22,994153;26,92665;80,7917;8,125157;"categ1";5042
"317";2012-03-21;"spring";2012;"Mar";"Wed";FALSE;"no";21,798347;25,6629;82,125;6,0004061;"categ2";5108
"318";2012-03-22;"spring";2012;"Mar";"Thu";FALSE;"no";22,720847;26,57835;83,125;7,876654;"categ1";5537
"319";2012-03-23;"spring";2012;"Mar";"Fri";FALSE;"no";24,668347;28,50335;69,4167;7,7921;"categ2";5893
"320";2012-03-24;"spring";2012;"Mar";"Sat";TRUE;"no";20,6025;24,33665;88,5417;12,916461;"categ2";2339
"321";2012-03-25;"spring";2012;"Mar";"Sun";TRUE;"no";17,9375;21,8744;88,0833;14,791925;"categ2";3464
"322";2012-03-26;"spring";2012;"Mar";"Mon";FALSE;"no";18,279153;21,9375;47,7917;25,917007;"categ1";4763
"323";2012-03-27;"spring";2012;"Mar";"Tue";FALSE;"no";13,256653;15,7827;29;12,541864;"categ1";4571
"324";2012-03-28;"spring";2012;"Mar";"Wed";FALSE;"no";19,850847;23,5475;48,125;19,541957;"categ1";5024
"325";2012-03-29;"spring";2012;"Mar";"Thu";FALSE;"no";20,260847;24,1152;43,9167;21,41655;"categ1";5299
"326";2012-03-30;"spring";2012;"Mar";"Fri";FALSE;"no";15,17;18,78105;58,0833;9,250489;"categ2";4663
"327";2012-03-31;"spring";2012;"Mar";"Sat";TRUE;"no";17,390847;21,0854;73,8333;16,791339;"categ2";3934
"328";2012-04-01;"spring";2012;"Apr";"Sun";TRUE;"no";17,459153;20,86435;67,625;11,541889;"categ2";3694
"329";2012-04-02;"spring";2012;"Apr";"Mon";FALSE;"no";17,790433;21,37565;50,4348;20,913313;"categ1";4728
"330";2012-04-03;"spring";2012;"Apr";"Tue";FALSE;"no";19,133347;23,07415;39,6667;6,708911;"categ1";5424
"331";2012-04-05;"spring";2012;"Apr";"Thu";FALSE;"no";17,835;21,55815;37,4167;14,708443;"categ1";5265
"332";2012-04-06;"spring";2012;"Apr";"Fri";FALSE;"no";16,536653;19,53835;37,7083;20,125996;"categ1";4653
"333";2012-04-07;"spring";2012;"Apr";"Sat";TRUE;"no";17,9375;21,30645;25,4167;18,416357;"categ1";3605
"334";2012-04-08;"spring";2012;"Apr";"Sun";TRUE;"no";20,5;24,62125;27,5833;15,583932;"categ1";2939
"335";2012-04-09;"spring";2012;"Apr";"Mon";FALSE;"no";20,055847;23,8319;31,75;23,999132;"categ1";4680
"336";2012-04-10;"spring";2012;"Apr";"Tue";FALSE;"no";18,313347;21,81165;43,5;16,708125;"categ1";5099
"337";2012-04-12;"spring";2012;"Apr";"Thu";FALSE;"no";16,2975;19,3802;46,625;19,458743;"categ1";4746
"338";2012-04-13;"spring";2012;"Apr";"Fri";FALSE;"no";18,1425;21,5904;40,8333;10,416557;"categ1";5146
"339";2012-04-14;"spring";2012;"Apr";"Sat";TRUE;"no";20,295;24,3998;50,2917;12,791439;"categ1";4665
"340";2012-04-15;"spring";2012;"Apr";"Sun";TRUE;"no";24,873347;28,69375;50,7917;15,083643;"categ1";4286
"341";2012-04-18;"spring";2012;"Apr";"Wed";FALSE;"no";18,996653;22,8519;56,9167;11,250104;"categ2";4020
"342";2012-04-19;"spring";2012;"Apr";"Thu";FALSE;"no";20,431653;24,6523;61,25;4,4172564;"categ1";5719
"343";2012-04-20;"spring";2012;"Apr";"Fri";FALSE;"no";21,593347;25,78875;69,4583;10,041357;"categ1";5950
"344";2012-04-21;"spring";2012;"Apr";"Sat";TRUE;"no";23,37;27,14605;68,2917;19,000329;"categ1";4083
"345";2012-04-22;"spring";2012;"Apr";"Sun";TRUE;"no";16,263347;19,4752;83,5417;23,084582;"categ3";907
"346";2012-04-23;"spring";2012;"Apr";"Mon";FALSE;"no";13,188347;15,05625;76,6667;20,334232;"categ2";3019
"347";2012-04-24;"spring";2012;"Apr";"Tue";FALSE;"no";16,946653;20,26415;45,4167;16,708661;"categ1";5115
"348";2012-04-25;"spring";2012;"Apr";"Wed";FALSE;"no";19,543347;23,51585;42,7917;7,959064;"categ1";5541
"349";2012-04-26;"spring";2012;"Apr";"Thu";FALSE;"no";20,431653;24,17915;75,6667;11,833875;"categ2";4551
"350";2012-04-27;"spring";2012;"Apr";"Fri";FALSE;"no";18,7575;22,63185;40,0833;23,291411;"categ1";5219
"351";2012-04-28;"spring";2012;"Apr";"Sat";TRUE;"no";15,443347;18,8752;48,9583;8,708325;"categ2";3100
"352";2012-04-29;"spring";2012;"Apr";"Sun";TRUE;"no";18,791653;22,50605;58,7083;7,832836;"categ1";4075
"353";2012-04-30;"spring";2012;"Apr";"Mon";FALSE;"no";19,030847;22,8848;57;11,499746;"categ2";4907
"354";2012-05-01;"spring";2012;"May";"Tue";FALSE;"no";25,146653;28,85105;65,9583;10,458432;"categ2";5087
"355";2012-05-02;"spring";2012;"May";"Wed";FALSE;"no";23,130847;26,8948;79,7083;9,249886;"categ1";5502
"356";2012-05-03;"spring";2012;"May";"Thu";FALSE;"no";22,96;26,8621;76,8333;8,957632;"categ2";5657
"357";2012-05-04;"spring";2012;"May";"Fri";FALSE;"no";25,7275;29,54585;73,5417;10,916846;"categ1";5227
"358";2012-05-05;"spring";2012;"May";"Sat";TRUE;"no";25,488347;29,2304;75,6667;10,250464;"categ2";4387
"359";2012-05-06;"spring";2012;"May";"Sun";TRUE;"no";23,0625;27,33685;74;10,041893;"categ2";4224
"360";2012-05-07;"spring";2012;"May";"Mon";FALSE;"no";22,0375;26,3571;66,4167;15,458307;"categ2";5265
"361";2012-05-08;"spring";2012;"May";"Tue";FALSE;"no";23,848347;27,87355;68,5833;19,833943;"categ2";4990
"362";2012-05-09;"spring";2012;"May";"Wed";FALSE;"no";23,575;27,65125;74,4167;14,499604;"categ2";4097
"363";2012-05-10;"spring";2012;"May";"Thu";FALSE;"no";20,739153;24,58915;55,2083;21,042221;"categ1";5546
"364";2012-05-12;"spring";2012;"May";"Sat";TRUE;"no";23,130847;27,24085;48,0417;8,249911;"categ1";4807
"365";2012-05-13;"spring";2012;"May";"Sun";TRUE;"no";25,1125;29,2619;57,625;15,082839;"categ1";3946
"366";2012-05-14;"spring";2012;"May";"Mon";FALSE;"no";23,506653;27,495;78,9583;14,250364;"categ2";2501
"367";2012-05-15;"spring";2012;"May";"Tue";FALSE;"no";25,078347;28,8202;79,4583;9,875264;"categ2";4490
"368";2012-05-16;"spring";2012;"May";"Wed";FALSE;"no";26,103347;29,79875;69,7917;8,208304;"categ1";6433
"369";2012-05-17;"spring";2012;"May";"Thu";FALSE;"no";24,326653;28,63065;52;15,374825;"categ1";6142
"370";2012-05-20;"spring";2012;"May";"Sun";TRUE;"no";25,454153;29,19835;53,0417;17,042589;"categ1";4425
"371";2012-05-21;"spring";2012;"May";"Mon";FALSE;"no";24,531653;28,28335;81,125;15,624668;"categ2";3729
"372";2012-05-22;"spring";2012;"May";"Tue";FALSE;"no";25,215;29,04125;76,5833;7,917189;"categ2";5254
"373";2012-05-23;"spring";2012;"May";"Wed";FALSE;"no";25,488347;29,2306;77,4583;6,834;"categ2";4494
"374";2012-05-24;"spring";2012;"May";"Thu";FALSE;"no";26,855;30,335;71,6667;11,584032;"categ1";5711
"375";2012-06-01;"spring";2012;"Jun";"Fri";FALSE;"no";26,820847;30,3981;75,5417;15,916721;"categ2";3594
"376";2012-06-02;"spring";2012;"Jun";"Sat";TRUE;"no";23,916653;28,3144;54,9167;12,499654;"categ1";5325
"377";2012-06-03;"spring";2012;"Jun";"Sun";TRUE;"no";24,7025;28,75665;49,3333;12,333829;"categ1";5147
"378";2012-06-04;"spring";2012;"Jun";"Mon";FALSE;"no";24,4975;28,91415;48,7083;19,083811;"categ1";5927
"379";2012-06-05;"spring";2012;"Jun";"Tue";FALSE;"no";22,174153;26,2946;61,3333;14,041525;"categ2";6033
"380";2012-06-06;"spring";2012;"Jun";"Wed";FALSE;"no";22,720847;27,1146;61,125;5,167375;"categ1";6028
"381";2012-06-07;"spring";2012;"Jun";"Thu";FALSE;"no";24,7025;28,4721;56,7083;10,54245;"categ1";6456
"382";2012-06-08;"spring";2012;"Jun";"Fri";FALSE;"no";26,615847;29,8931;46,7917;11,750661;"categ1";6248
"383";2012-06-12;"spring";2012;"Jun";"Tue";FALSE;"no";26,786653;29,89375;83,3333;14,374582;"categ2";4495
"384";2012-06-15;"spring";2012;"Jun";"Fri";FALSE;"no";26,205847;29,9877;58,9583;11,833339;"categ1";6102
"385";2012-06-16;"spring";2012;"Jun";"Sat";TRUE;"no";25,898347;29,7354;50,4167;11,166689;"categ1";4739
"386";2012-06-17;"spring";2012;"Jun";"Sun";TRUE;"no";24,2925;28,59875;59,875;9,708568;"categ1";4344
"387";2012-06-18;"spring";2012;"Jun";"Mon";FALSE;"no";23,301653;27,2421;77,7917;11,707982;"categ2";4446
"388";2012-06-26;"summer";2012;"Jun";"Tue";FALSE;"no";25,864153;29,7352;37,3333;23,292014;"categ1";6365
"389";2012-07-21;"summer";2012;"Jul";"Sat";TRUE;"no";24,429153;27,4956;86,5417;14,2911;"categ3";3195
"390";2012-08-17;"summer";2012;"Aug";"Fri";FALSE;"no";29,656653;12,12;57,0833;15,500718;"categ1";5665
"391";2012-08-19;"summer";2012;"Aug";"Sun";TRUE;"no";26,069153;30,1777;71,1667;5,79215;"categ2";3341
"392";2012-08-20;"summer";2012;"Aug";"Mon";FALSE;"no";26,069153;29,79835;73,4167;8,708593;"categ2";5504
"393";2012-08-21;"summer";2012;"Aug";"Tue";FALSE;"no";26,615847;30,05125;67,375;4,8756436;"categ1";5925
"394";2012-08-26;"summer";2012;"Aug";"Sun";TRUE;"no";26,786653;29,7998;84,5833;15,333486;"categ2";3772
"395";2012-09-09;"summer";2012;"Sep";"Sun";TRUE;"no";25,01;28,94625;54,75;15,041232;"categ1";5657
"396";2012-09-10;"summer";2012;"Sep";"Mon";FALSE;"no";23,916653;28,2827;50,375;17,333771;"categ1";6407
"397";2012-09-11;"summer";2012;"Sep";"Tue";FALSE;"no";23,6775;27,7146;52;6,1676314;"categ1";6697
"398";2012-09-12;"summer";2012;"Sep";"Wed";FALSE;"no";24,565847;28,50375;57,7083;8,833682;"categ1";6820
"399";2012-09-13;"summer";2012;"Sep";"Thu";FALSE;"no";25,1125;28,9779;63,7083;5,5422936;"categ1";6750
"400";2012-09-14;"summer";2012;"Sep";"Fri";FALSE;"no";25,966653;29,70415;67,25;6,958821;"categ1";6630
"401";2012-09-15;"summer";2012;"Sep";"Sat";TRUE;"no";24,941653;29,29335;50,1667;16,583907;"categ1";5554
"402";2012-09-18;"summer";2012;"Sep";"Tue";FALSE;"no";25,556653;28,25335;87,25;23,958329;"categ2";3702
"403";2012-09-19;"summer";2012;"Sep";"Wed";FALSE;"no";22,6525;27,0202;53,6667;14,416725;"categ1";6803
"404";2012-09-20;"summer";2012;"Sep";"Thu";FALSE;"no";22,413347;26,6096;61,8333;7,917189;"categ1";6781
"405";2012-09-21;"summer";2012;"Sep";"Fri";FALSE;"no";24,565847;28,59855;66,875;10,333343;"categ1";6917
"406";2012-09-22;"summer";2012;"Sep";"Sat";TRUE;"no";26,65;30,5244;64,6667;19,000061;"categ1";5883
"407";2012-09-23;"fall";2012;"Sep";"Sun";TRUE;"no";21,695847;25,94665;46,7083;14,958286;"categ1";5453
"408";2012-09-24;"fall";2012;"Sep";"Mon";FALSE;"no";21,080847;25,12565;49,2917;9,541068;"categ1";6435
"409";2012-09-25;"fall";2012;"Sep";"Tue";FALSE;"no";22,55;27,20895;57;15,833507;"categ1";6693
"410";2012-09-26;"fall";2012;"Sep";"Wed";FALSE;"no";26,035;29,83065;63,0833;16,3748;"categ1";6946
"411";2012-09-27;"fall";2012;"Sep";"Thu";FALSE;"no";26,65;30,39875;69,0833;9,000914;"categ2";6642
"412";2012-09-28;"fall";2012;"Sep";"Fri";FALSE;"no";25,385847;29,29315;69;10,999993;"categ2";6370
"413";2012-09-29;"fall";2012;"Sep";"Sat";TRUE;"no";22,2425;26,5148;54,2917;15,249468;"categ1";5966
"414";2012-09-30;"fall";2012;"Sep";"Sun";TRUE;"no";21,593347;25,88315;58,3333;9,042186;"categ1";4874
"415";2012-10-01;"fall";2012;"Oct";"Mon";FALSE;"no";21,354153;25,6;64,9167;6,0838814;"categ2";6015
"416";2012-10-02;"fall";2012;"Oct";"Tue";FALSE;"no";24,224153;27,11665;87,1667;6,999825;"categ3";4324
"417";2012-10-03;"fall";2012;"Oct";"Wed";FALSE;"no";26,9575;29,95665;79,375;4,4585686;"categ2";6844
"418";2012-10-04;"fall";2012;"Oct";"Thu";FALSE;"no";26,9575;30,39875;72,2917;7,875582;"categ2";6437
"419";2012-10-05;"fall";2012;"Oct";"Fri";FALSE;"no";25,215;29,00935;62,75;7,12545;"categ1";6640
"420";2012-10-06;"fall";2012;"Oct";"Sat";TRUE;"no";22,720847;26,92605;66,4167;17,957675;"categ1";4934
"421";2012-10-09;"fall";2012;"Oct";"Tue";FALSE;"no";18,313347;21,9056;76,1667;12,7501;"categ2";5791
"422";2012-10-10;"fall";2012;"Oct";"Wed";FALSE;"no";21,080847;25,1571;63,0833;12,584007;"categ1";6911
"423";2012-10-11;"fall";2012;"Oct";"Thu";FALSE;"no";17,835;21,55835;46,3333;12,166932;"categ1";6736
"424";2012-10-12;"fall";2012;"Oct";"Fri";FALSE;"no";17,9375;21,65355;53,9167;15,751164;"categ1";6222
"425";2012-10-13;"fall";2012;"Oct";"Sat";TRUE;"no";16,126653;19,5698;49,4583;9,791514;"categ1";4857
"426";2012-10-16;"fall";2012;"Oct";"Tue";FALSE;"no";19,201653;23,0423;55,8333;12,208807;"categ1";6612
"427";2012-10-17;"fall";2012;"Oct";"Wed";FALSE;"no";18,689153;22,5054;69,2917;6,791857;"categ1";6482
"428";2012-10-18;"fall";2012;"Oct";"Thu";FALSE;"no";21,4225;25,63125;72,8333;15,874779;"categ2";6501
"429";2012-10-19;"fall";2012;"Oct";"Fri";FALSE;"no";23,096653;26,8948;81,5;9,041918;"categ2";4671
"430";2012-10-20;"fall";2012;"Oct";"Sat";TRUE;"no";19,850847;23,6421;57,2917;7,874979;"categ1";5284
"431";2012-10-21;"fall";2012;"Oct";"Sun";TRUE;"no";19,030847;22,82145;51;11,125618;"categ1";4692
"432";2012-10-22;"fall";2012;"Oct";"Mon";FALSE;"no";19,9875;24,1471;56,8333;5,4593811;"categ1";6228
"433";2012-10-23;"fall";2012;"Oct";"Tue";FALSE;"no";22,310847;26,5152;64,1667;6,3345686;"categ1";6625
"434";2012-10-24;"fall";2012;"Oct";"Wed";FALSE;"no";24,0875;27,93605;63,625;4,8762064;"categ1";6898
"435";2012-10-25;"fall";2012;"Oct";"Thu";FALSE;"no";22,55;26,4844;80,0417;8,333125;"categ2";6484
"436";2012-10-26;"fall";2012;"Oct";"Fri";FALSE;"no";22,379153;26,1375;80,7083;8,875289;"categ2";6262
"437";2012-10-27;"fall";2012;"Oct";"Sat";TRUE;"no";21,73;25,75665;72;15,791364;"categ2";5209
"438";2012-10-28;"fall";2012;"Oct";"Sun";TRUE;"no";19,5775;23,38855;69,4583;26,666536;"categ2";3461
"439";2012-10-29;"fall";2012;"Oct";"Mon";FALSE;"no";18,04;21,97;88;23,9994;"categ3";20
"440";2012-10-30;"fall";2012;"Oct";"Tue";FALSE;"no";13,045462;15,49545;82,5455;14,271603;"categ2";1009
"441";2012-10-31;"fall";2012;"Oct";"Wed";FALSE;"no";14,6575;18,055;66,6667;11,166689;"categ2";5147
"442";2012-11-01;"fall";2012;"Nov";"Thu";FALSE;"no";14,999153;18,4971;58,1667;10,542182;"categ2";5520
"443";2012-11-02;"fall";2012;"Nov";"Fri";FALSE;"no";14,555;17,8021;52,2083;17,833725;"categ1";5229
"444";2012-11-03;"fall";2012;"Nov";"Sat";TRUE;"no";14,076653;16,1923;49,125;18,125443;"categ2";4109
"445";2012-11-04;"fall";2012;"Nov";"Sun";TRUE;"no";13,359153;16,4769;53,2917;12,000236;"categ1";3906
"446";2012-11-05;"fall";2012;"Nov";"Mon";FALSE;"no";13,085847;15,40375;49,4167;15,833775;"categ1";4881
"447";2012-11-06;"fall";2012;"Nov";"Tue";FALSE;"no";11,514153;14,07835;56,7083;11,625371;"categ1";5220
"448";2012-11-07;"fall";2012;"Nov";"Wed";FALSE;"no";12,129153;13,73105;54,75;20,375236;"categ2";4709
"449";2012-11-08;"fall";2012;"Nov";"Thu";FALSE;"no";14,439134;17,09455;33,3478;23,304945;"categ1";4975
"450";2012-11-09;"fall";2012;"Nov";"Fri";FALSE;"no";14,828347;17,77065;54,0833;14,375386;"categ1";5283
"451";2012-11-10;"fall";2012;"Nov";"Sat";TRUE;"no";15,955847;19,69685;64,5417;3,8756686;"categ1";4446
"452";2012-11-11;"fall";2012;"Nov";"Sun";TRUE;"no";17,254153;21,08565;65,9167;8,5425;"categ1";4562
"453";2012-11-12;"fall";2012;"Nov";"Mon";FALSE;"yes";19,885;23,76915;74,1667;11,625639;"categ1";5172
"454";2012-11-13;"fall";2012;"Nov";"Tue";FALSE;"no";14,076653;16,16125;66,2917;22,917082;"categ2";3767
"455";2012-11-14;"fall";2012;"Nov";"Wed";FALSE;"no";11,855847;14,07815;55,2083;13,374875;"categ1";5122
"456";2012-11-15;"fall";2012;"Nov";"Thu";FALSE;"no";13,188347;16,2246;62,0417;10,250129;"categ2";5125
"457";2012-11-17;"fall";2012;"Nov";"Sat";TRUE;"no";13,325;16,31915;54,5417;12,041843;"categ1";4316
"458";2012-11-18;"fall";2012;"Nov";"Sun";TRUE;"no";14,0425;16,8873;69,2917;15,250004;"categ1";3747
"459";2012-11-19;"fall";2012;"Nov";"Mon";FALSE;"no";15,614153;18,78105;62,3333;15,749489;"categ2";5050
"460";2012-11-20;"fall";2012;"Nov";"Tue";FALSE;"no";15,340847;19,03335;68,5;5,542575;"categ2";5100
"461";2012-11-21;"fall";2012;"Nov";"Wed";FALSE;"no";14,486653;18,2446;61,375;6,917482;"categ1";4531
"462";2012-11-22;"fall";2012;"Nov";"Thu";FALSE;"yes";13,94;17,51855;58,0417;3,5423436;"categ1";1470
"463";2012-11-23;"fall";2012;"Nov";"Fri";FALSE;"no";15,101653;18,93895;56,875;9,917407;"categ1";2307
"464";2012-11-24;"fall";2012;"Nov";"Sat";TRUE;"no";11,411653;12,4371;40,4583;25,250357;"categ1";1745
"465";2012-11-25;"fall";2012;"Nov";"Sun";TRUE;"no";10,079153;12,87915;46,8333;10,0835;"categ1";2115
"466";2012-11-26;"fall";2012;"Nov";"Mon";FALSE;"no";12,846653;16,9502;53,5417;3,12555;"categ1";4750
"467";2012-11-27;"fall";2012;"Nov";"Tue";FALSE;"no";11,958347;14,0779;78,6667;15,916654;"categ2";3836
"468";2012-11-28;"fall";2012;"Nov";"Wed";FALSE;"no";12,163347;14,4881;50,625;14,125007;"categ1";5062
"469";2012-11-29;"fall";2012;"Nov";"Thu";FALSE;"no";11,51567;14,9211;55,5652;7,739974;"categ1";5080
"470";2012-11-30;"fall";2012;"Nov";"Fri";FALSE;"no";12,231653;16,19335;64,9583;3,9175436;"categ1";5306
"471";2012-12-01;"fall";2012;"Dec";"Sat";TRUE;"no";12,231653;15,8452;80,6667;4,0001814;"categ2";4240
"472";2012-12-02;"fall";2012;"Dec";"Sun";TRUE;"no";14,2475;17,9604;82,3333;8,333393;"categ2";3757
"473";2012-12-03;"fall";2012;"Dec";"Mon";FALSE;"no";18,5525;22,7898;76,75;5,5422936;"categ1";5679
"474";2012-12-04;"fall";2012;"Dec";"Tue";FALSE;"no";19,509153;23,4527;73,375;11,666643;"categ1";6055
"475";2012-12-05;"fall";2012;"Dec";"Wed";FALSE;"no";17,971653;21,4006;48,5;21,709407;"categ1";5398
"476";2012-12-06;"fall";2012;"Dec";"Thu";FALSE;"no";10,489153;12,9102;50,875;11,708518;"categ1";5035
"477";2012-12-07;"fall";2012;"Dec";"Fri";FALSE;"no";13,154153;16,0979;76,4167;8,7502;"categ2";4659
"478";2012-12-08;"fall";2012;"Dec";"Sat";TRUE;"no";15,648347;19,4754;91,125;6,792393;"categ2";4429
"479";2012-12-09;"fall";2012;"Dec";"Sun";TRUE;"no";15,750847;19,5073;90,5417;10,584325;"categ2";2787
"480";2012-12-10;"fall";2012;"Dec";"Mon";FALSE;"no";17,869153;21,77875;92,5;12,750636;"categ2";4841
"481";2012-12-11;"fall";2012;"Dec";"Tue";FALSE;"no";14,486653;16,91815;59,6667;19,834479;"categ2";5219
"482";2012-12-12;"fall";2012;"Dec";"Wed";FALSE;"no";12,1975;14,8669;53,8333;10,916779;"categ2";5009
"483";2012-12-13;"fall";2012;"Dec";"Thu";FALSE;"no";12,129153;14,7094;48,5833;11,666643;"categ1";5107
"484";2012-12-14;"fall";2012;"Dec";"Fri";FALSE;"no";11,548347;14,7096;64,2917;8,792343;"categ1";5182
"485";2012-12-15;"fall";2012;"Dec";"Sat";TRUE;"no";13,290847;16,91915;65,0417;7,12545;"categ1";4280
"486";2012-12-16;"fall";2012;"Dec";"Sun";TRUE;"no";14,8625;18,4969;83,875;6,749714;"categ2";3248
"487";2012-12-17;"fall";2012;"Dec";"Mon";FALSE;"no";16,126653;20,075;90,7083;6,5833061;"categ2";4373
"488";2012-12-18;"fall";2012;"Dec";"Tue";FALSE;"no";16,844153;20,4854;66,625;14,834068;"categ1";5124
"489";2012-12-19;"fall";2012;"Dec";"Wed";FALSE;"no";13,6325;17,1081;62,5417;12,334164;"categ1";4934
"490";2012-12-20;"fall";2012;"Dec";"Thu";FALSE;"no";13,53;16,76085;66,7917;8,875021;"categ2";3814
"491";2012-12-21;"winter";2012;"Dec";"Fri";FALSE;"no";13,393347;15,08835;55,6667;25,083661;"categ2";3402
"492";2012-12-22;"winter";2012;"Dec";"Sat";TRUE;"no";10,899153;11,80565;44,125;27,292182;"categ1";1544
"493";2012-12-23;"winter";2012;"Dec";"Sun";TRUE;"no";10,079153;12,97355;51,5417;8,916561;"categ1";1379
"494";2012-12-24;"winter";2012;"Dec";"Mon";FALSE;"no";9,483464;12,945;79,1304;5,1744368;"categ2";746
"495";2012-12-25;"winter";2012;"Dec";"Tue";FALSE;"yes";11,943464;14,72325;73,4783;11,304642;"categ2";573
"496";2012-12-27;"winter";2012;"Dec";"Thu";FALSE;"no";10,420847;11,3321;65,2917;23,458911;"categ2";1867
"497";2012-12-28;"winter";2012;"Dec";"Fri";FALSE;"no";10,386653;12,7523;59;10,416557;"categ2";2451
"498";2012-12-29;"winter";2012;"Dec";"Sat";TRUE;"no";10,386653;12,12;75,2917;8,333661;"categ2";1182
"499";2012-12-30;"winter";2012;"Dec";"Sun";TRUE;"no";10,489153;11,585;48,3333;23,500518;"categ1";1432
"500";2012-12-31;"winter";2012;"Dec";"Mon";FALSE;"no";8,849153;11,17435;57,75;10,374682;"categ2";2290
