"","wage","educ","exper","sex"
"1",7.78020811080933,1,23,"male"
"2",4.81850433349609,1,15,"female"
"3",10.5636444091797,1,31,"male"
"4",7.04242992401123,1,32,"male"
"5",7.88752126693726,1,9,"male"
"6",8.2000560760498,1,15,"female"
"7",8.21429061889648,1,26,"male"
"8",10.3783168792725,1,23,"male"
"9",10.9548902511597,1,13,"male"
"10",7.21144771575928,1,22,"male"
"11",6.96829843521118,1,39,"female"
"12",7.43367624282837,1,20,"female"
"13",8.31006717681885,1,16,"male"
"14",6.75751352310181,1,38,"female"
"15",12.1814994812012,1,41,"male"
"16",6.29726648330688,1,37,"female"
"17",8.09582901000977,1,18,"female"
"18",7.70960760116577,1,24,"male"
"19",7.40461158752441,1,31,"male"
"20",8.78375148773193,1,34,"male"
"21",8.79120540618896,1,20,"male"
"22",9.10820960998535,1,35,"male"
"23",6.52035093307495,1,23,"female"
"24",9.2191801071167,1,40,"male"
"25",3.38036608695984,1,23,"female"
"26",8.16921806335449,1,33,"male"
"27",11.7126722335815,1,15,"male"
"28",9.57770442962646,1,31,"male"
"29",7.61343765258789,1,18,"male"
"30",8.33992671966553,1,31,"male"
"31",9.93353271484375,1,33,"male"
"32",8.59176445007324,1,11,"male"
"33",6.51033449172974,1,28,"male"
"34",8.80303764343262,1,17,"male"
"35",9.70290374755859,1,26,"male"
"36",7.74667263031006,1,18,"male"
"37",7.46497535705566,1,28,"male"
"38",9.19222354888916,1,18,"male"
"39",8.89570045471191,1,37,"male"
"40",9.15515804290771,1,22,"male"
"41",7.92273330688477,1,19,"female"
"42",4.50715494155884,1,27,"male"
"43",8.16781044006348,1,19,"male"
"44",11.9721307754517,1,32,"male"
"45",7.90919017791748,1,40,"male"
"46",11.5568075180054,1,21,"male"
"47",9.57770442962646,1,21,"male"
"48",4.15132665634155,1,2,"female"
"49",9.85940170288086,1,30,"male"
"50",7.74667263031006,1,29,"male"
"51",6.92170190811157,1,21,"female"
"52",5.63394355773926,1,32,"male"
"53",8.25598049163818,1,33,"male"
"54",7.74667263031006,1,4,"male"
"55",12.6763734817505,1,34,"male"
"56",7.85786914825439,1,36,"male"
"57",4.50715494155884,1,13,"female"
"58",7.74667263031006,1,19,"male"
"59",8.60741424560547,1,21,"male"
"60",7.75174331665039,1,37,"male"
"61",11.7373828887939,1,32,"male"
"62",8.04849147796631,1,21,"male"
"63",8.15439224243164,1,40,"male"
"64",9.85940170288086,1,21,"male"
"65",8.45091533660889,1,41,"female"
"66",9.77340984344482,1,37,"female"
"67",9.90150833129883,1,26,"male"
"68",7.35542631149292,1,18,"male"
"69",4.89263534545898,1,16,"female"
"70",9.01430988311768,1,27,"male"
"71",6.59660625457764,1,39,"female"
"72",9.15515804290771,1,21,"male"
"73",6.50070428848267,1,18,"male"
"74",10.9548902511597,1,35,"male"
"75",13.3806161880493,1,37,"male"
"76",11.2678871154785,1,24,"male"
"77",7.88752126693726,1,29,"female"
"78",9.63700866699219,1,35,"male"
"79",11.7373828887939,1,23,"male"
"80",7.32412719726562,1,20,"male"
"81",9.63700866699219,1,27,"male"
"82",11.1196260452271,1,30,"male"
"83",8.45091533660889,1,28,"male"
"84",5.32940626144409,1,32,"female"
"85",8.45091533660889,1,29,"male"
"86",7.80084466934204,1,15,"male"
"87",9.63700866699219,1,33,"male"
"88",7.5119252204895,1,19,"female"
"89",11.2678871154785,1,37,"male"
"90",10.463038444519,1,18,"male"
"91",5.96269178390503,1,13,"female"
"92",8.45091533660889,1,14,"female"
"93",6.08465909957886,1,28,"male"
"94",7.54546022415161,1,9,"male"
"95",4.96942710876465,1,19,"female"
"96",10.1410989761353,1,34,"male"
"97",8.16921806335449,1,34,"male"
"98",9.7185525894165,1,33,"male"
"99",9.63700866699219,1,45,"male"
"100",11.2678871154785,2,17,"male"
"101",9.85940170288086,2,24,"male"
"102",10.5636444091797,2,18,"male"
"103",15.7750425338745,2,20,"male"
"104",8.77285575866699,2,21,"male"
"105",7.26960468292236,2,41,"female"
"106",11.2678871154785,2,17,"male"
"107",12.1814994812012,2,22,"male"
"108",12.0091962814331,2,35,"male"
"109",9.57770442962646,2,39,"male"
"110",7.04242992401123,2,12,"male"
"111",6.17973232269287,2,23,"female"
"112",9.18466281890869,2,25,"male"
"113",6.10343933105469,2,30,"male"
"114",10.9713640213013,2,18,"male"
"115",8.37478065490723,2,33,"male"
"116",3.4670422077179,2,20,"male"
"117",9.96519470214844,2,29,"male"
"118",6.17050981521606,2,4,"female"
"119",9.15515804290771,2,13,"male"
"120",12.1574583053589,2,35,"male"
"121",11.3778972625732,2,33,"male"
"122",7.04242992401123,2,4,"male"
"123",14.8261680603027,2,34,"female"
"124",10.4570226669312,2,21,"female"
"125",10.5636444091797,2,31,"female"
"126",6.70319414138794,2,15,"male"
"127",8.26311779022217,2,16,"female"
"128",5.63394355773926,2,15,"female"
"129",13.1458692550659,2,34,"male"
"130",8.92041110992432,2,23,"male"
"131",9.15515804290771,2,8,"male"
"132",7.18327856063843,2,24,"male"
"133",6.13955402374268,2,22,"female"
"134",13.7718620300293,2,45,"male"
"135",12.305718421936,2,15,"male"
"136",9.63700866699219,2,23,"male"
"137",7.88752126693726,2,18,"male"
"138",12.1129789352417,2,33,"male"
"139",8.45091533660889,2,37,"female"
"140",6.67177581787109,2,32,"female"
"141",12.1574583053589,2,34,"female"
"142",10.2531843185425,2,15,"male"
"143",6.65118360519409,2,31,"female"
"144",8.70700359344482,2,11,"male"
"145",8.15439224243164,2,21,"male"
"146",7.69620180130005,2,11,"male"
"147",8.15439224243164,2,14,"female"
"148",8.02836990356445,2,21,"male"
"149",9.85940170288086,2,24,"male"
"150",11.7373828887939,2,23,"male"
"151",14.8261680603027,2,27,"male"
"152",7.5119252204895,2,23,"male"
"153",12.7505044937134,2,20,"male"
"154",5.36566066741943,2,26,"male"
"155",11.4161491394043,2,23,"male"
"156",10.3783168792725,2,7,"male"
"157",10.674840927124,2,24,"female"
"158",7.12434387207031,2,22,"female"
"159",11.4439487457275,2,25,"male"
"160",10.5636444091797,2,20,"male"
"161",11.1196260452271,2,15,"male"
"162",12.305718421936,2,16,"male"
"163",4.42667007446289,2,29,"male"
"164",6.43879318237305,2,24,"male"
"165",7.54779434204102,2,9,"male"
"166",8.02184581756592,2,18,"female"
"167",9.38990592956543,2,13,"male"
"168",8.45091533660889,2,18,"female"
"169",8.75139236450195,2,23,"male"
"170",7.98142051696777,2,20,"male"
"171",8.45091533660889,2,4,"male"
"172",7.35542631149292,2,10,"female"
"173",12.4171018600464,2,29,"male"
"174",12.0727367401123,2,14,"male"
"175",11.132227897644,2,24,"male"
"176",8.89570045471191,2,14,"male"
"177",5.71007823944092,2,2,"male"
"178",7.56134557723999,2,9,"female"
"179",16.9018306732178,2,24,"male"
"180",5.63394355773926,2,6,"male"
"181",8.02836990356445,2,34,"male"
"182",6.67177581787109,2,33,"male"
"183",9.63700866699219,2,24,"male"
"184",7.44243955612183,2,11,"male"
"185",8.36133575439453,2,4,"male"
"186",12.8987655639648,2,17,"female"
"187",5.63394355773926,2,3,"male"
"188",9.85940170288086,2,30,"male"
"189",10.7044925689697,2,22,"male"
"190",16.7609825134277,2,17,"male"
"191",7.11656045913696,2,13,"female"
"192",8.09775638580322,2,15,"male"
"193",4.61983394622803,2,27,"male"
"194",8.74743938446045,2,34,"male"
"195",9.63700866699219,2,21,"male"
"196",7.70960760116577,2,16,"male"
"197",12.2068786621094,2,31,"male"
"198",7.88752126693726,2,16,"female"
"199",9.15515804290771,2,21,"male"
"200",8.89570045471191,2,16,"female"
"201",5.47744512557983,2,8,"male"
"202",8.15439224243164,2,27,"male"
"203",11.1196260452271,2,22,"male"
"204",10.5175352096558,2,23,"male"
"205",7.04242992401123,2,13,"male"
"206",5.2583475112915,2,7,"male"
"207",8.15439224243164,2,26,"female"
"208",6.82003736495972,2,20,"female"
"209",11.2678871154785,2,25,"male"
"210",3.63480234146118,2,4,"male"
"211",6.57293462753296,2,2,"male"
"212",8.75665092468262,2,19,"male"
"213",4.34618520736694,2,12,"male"
"214",9.13950824737549,2,39,"male"
"215",11.7126722335815,2,30,"male"
"216",9.60331344604492,2,32,"male"
"217",7.32412719726562,2,10,"male"
"218",8.21763515472412,2,27,"female"
"219",7.04242992401123,2,20,"female"
"220",12.5577640533447,2,24,"male"
"221",9.62465381622314,2,27,"female"
"222",9.21965217590332,2,30,"female"
"223",14.4655313491821,2,35,"male"
"224",8.45091533660889,2,15,"male"
"225",6.47903537750244,2,3,"male"
"226",13.2473802566528,2,23,"male"
"227",7.74667263031006,2,3,"male"
"228",7.74667263031006,2,5,"male"
"229",8.90050411224365,2,14,"male"
"230",8.22251319885254,2,25,"male"
"231",10.8972330093384,2,18,"male"
"232",10.5636444091797,2,15,"male"
"233",10.5636444091797,2,38,"male"
"234",6.33818674087524,2,11,"male"
"235",9.15515804290771,2,29,"male"
"236",7.41308403015137,2,22,"male"
"237",7.11656045913696,2,4,"male"
"238",11.4577922821045,2,8,"female"
"239",11.7129688262939,2,31,"male"
"240",8.1445894241333,2,20,"female"
"241",7.32412719726562,2,4,"female"
"242",7.6292986869812,2,14,"female"
"243",6.86185455322266,2,19,"male"
"244",13.5918893814087,2,21,"male"
"245",10.5636444091797,2,30,"male"
"246",6.19733810424805,2,0,"female"
"247",8.22970962524414,2,30,"female"
"248",7.6292986869812,2,21,"female"
"249",6.05648946762085,2,1,"male"
"250",5.44614553451538,2,7,"female"
"251",12.8775863647461,2,24,"male"
"252",13.8913335800171,2,20,"male"
"253",9.97677516937256,2,35,"female"
"254",11.1937570571899,2,28,"female"
"255",7.60582399368286,2,18,"male"
"256",11.9721307754517,2,31,"male"
"257",8.97813415527344,2,19,"male"
"258",9.15515804290771,2,34,"male"
"259",5.55569458007812,2,33,"female"
"260",7.04242992401123,2,2,"male"
"261",11.9721307754517,2,16,"male"
"262",10.3783168792725,2,22,"male"
"263",5.77840375900269,2,0,"male"
"264",24.7345352172852,2,46,"male"
"265",5.63394355773926,2,6,"male"
"266",5.93755054473877,2,20,"female"
"267",4.89263534545898,2,5,"male"
"268",17.2148284912109,2,25,"male"
"269",7.41308403015137,2,10,"female"
"270",17.2724857330322,2,38,"male"
"271",6.70707607269287,2,22,"female"
"272",9.63700866699219,2,13,"male"
"273",7.90653562545776,2,31,"female"
"274",7.85786914825439,2,15,"male"
"275",4.57757902145386,2,26,"female"
"276",7.3032603263855,2,22,"female"
"277",14.8261680603027,2,23,"male"
"278",10.1410989761353,2,25,"female"
"279",9.13612461090088,2,14,"male"
"280",7.11656045913696,2,27,"female"
"281",10.649561882019,2,20,"male"
"282",11.4201564788818,2,33,"male"
"283",8.89570045471191,2,18,"male"
"284",8.04849147796631,2,9,"female"
"285",7.04242992401123,2,5,"male"
"286",9.85940170288086,2,21,"male"
"287",7.23276567459106,2,1,"male"
"288",7.04242992401123,2,14,"female"
"289",13.3806161880493,2,21,"female"
"290",8.44691276550293,2,16,"female"
"291",9.38990592956543,2,32,"male"
"292",5.63394355773926,2,5,"male"
"293",8.21616744995117,2,12,"male"
"294",10.6588125228882,2,20,"male"
"295",11.1270389556885,2,20,"male"
"296",7.04242992401123,2,24,"male"
"297",10.0158996582031,2,18,"male"
"298",14.0848598480225,2,27,"male"
"299",7.46497535705566,2,6,"female"
"300",10.9861907958984,2,19,"male"
"301",10.9861907958984,2,17,"male"
"302",6.09074974060059,2,30,"male"
"303",10.5323448181152,2,27,"female"
"304",10.5636444091797,2,26,"male"
"305",16.9018306732178,2,33,"male"
"306",7.88752126693726,2,10,"male"
"307",8.45091533660889,2,27,"male"
"308",13.7718620300293,2,39,"male"
"309",6.25904321670532,2,1,"male"
"310",13.3806161880493,2,24,"female"
"311",14.1609935760498,2,31,"male"
"312",2.19097805023193,2,36,"female"
"313",8.45091533660889,2,17,"male"
"314",7.74667263031006,2,13,"female"
"315",9.20927429199219,2,26,"male"
"316",7.25370264053345,2,21,"male"
"317",5.18915843963623,2,27,"female"
"318",7.10366868972778,2,24,"female"
"319",6.61988353729248,2,15,"male"
"320",12.6022424697876,2,32,"male"
"321",7.98142051696777,2,6,"male"
"322",7.21961736679077,2,13,"female"
"323",10.4302091598511,2,20,"male"
"324",10.6418943405151,2,10,"male"
"325",10.0002498626709,2,20,"male"
"326",8.45091533660889,2,22,"male"
"327",8.54136371612549,2,14,"male"
"328",13.3806161880493,2,46,"male"
"329",8.54520988464355,2,11,"male"
"330",9.89453983306885,2,21,"male"
"331",12.4470720291138,2,22,"female"
"332",11.2678871154785,2,20,"male"
"333",8.00613117218018,2,34,"male"
"334",5.21139812469482,2,15,"male"
"335",10.2966251373291,2,13,"male"
"336",7.7118124961853,2,29,"male"
"337",9.38990592956543,2,25,"male"
"338",8.59917736053467,2,23,"male"
"339",8.76391220092773,2,28,"male"
"340",8.30265331268311,2,45,"male"
"341",7.09806489944458,2,38,"male"
"342",10.328896522522,2,14,"male"
"343",12.5680284500122,2,14,"male"
"344",6.77595949172974,2,15,"female"
"345",7.70960760116577,2,29,"female"
"346",8.51351547241211,2,16,"male"
"347",10.3783168792725,2,32,"male"
"348",10.256742477417,2,6,"male"
"349",9.82328605651855,2,40,"male"
"350",7.17927503585815,2,31,"female"
"351",6.10343933105469,2,24,"male"
"352",7.98142051696777,2,26,"female"
"353",9.57770442962646,2,25,"male"
"354",5.28182220458984,2,15,"female"
"355",8.09508800506592,2,32,"female"
"356",9.29600715637207,2,27,"female"
"357",8.89570045471191,2,12,"male"
"358",9.89746856689453,2,29,"male"
"359",20.9467144012451,2,27,"male"
"360",6.33818674087524,2,2,"male"
"361",8.51962184906006,2,22,"male"
"362",9.63700866699219,2,23,"female"
"363",7.57765436172485,2,29,"male"
"364",10.1122064590454,2,11,"male"
"365",9.33896541595459,3,38,"male"
"366",8.45091533660889,3,5,"male"
"367",7.74667263031006,3,1,"female"
"368",12.4135494232178,3,19,"female"
"369",11.9721307754517,3,16,"male"
"370",10.7861852645874,3,9,"male"
"371",14.1653442382812,3,9,"male"
"372",7.60582399368286,3,20,"female"
"373",13.7718620300293,3,26,"male"
"374",10.1410989761353,3,22,"male"
"375",9.63700866699219,3,4,"male"
"376",12.2538270950317,3,13,"male"
"377",13.7718620300293,3,25,"male"
"378",27.3872261047363,3,35,"male"
"379",4.50715494155884,3,3,"female"
"380",7.70723485946655,3,30,"male"
"381",14.8261680603027,3,22,"male"
"382",9.5745906829834,3,15,"male"
"383",10.1723985671997,3,33,"female"
"384",7.1676287651062,3,5,"male"
"385",15.7226333618164,3,46,"male"
"386",9.29600715637207,3,6,"female"
"387",17.2148284912109,3,24,"male"
"388",11.2678871154785,3,19,"male"
"389",8.59917736053467,3,22,"male"
"390",6.69030809402466,3,12,"male"
"391",5.35224628448486,3,4,"male"
"392",9.85940170288086,3,16,"male"
"393",8.31006717681885,3,42,"female"
"394",9.19222354888916,3,18,"male"
"395",10.5636444091797,3,10,"male"
"396",14.0848598480225,3,15,"male"
"397",11.1196260452271,3,8,"female"
"398",10.463038444519,3,23,"female"
"399",8.45091533660889,3,12,"male"
"400",8.89570045471191,3,11,"male"
"401",10.1723985671997,3,21,"female"
"402",7.74667263031006,3,6,"male"
"403",13.5366916656494,3,39,"male"
"404",8.45091533660889,3,19,"male"
"405",10.5636444091797,3,9,"male"
"406",10.6588125228882,3,20,"female"
"407",13.3806161880493,3,20,"male"
"408",17.6046199798584,3,23,"male"
"409",9.28624153137207,3,34,"male"
"410",5.31200408935547,3,3,"female"
"411",14.8261680603027,3,26,"male"
"412",15.0790843963623,3,29,"male"
"413",6.3011212348938,3,4,"female"
"414",9.63700866699219,3,17,"female"
"415",7.88752126693726,3,15,"female"
"416",9.43685626983643,3,14,"male"
"417",11.8938808441162,3,18,"male"
"418",11.8609342575073,3,8,"female"
"419",8.45091533660889,3,31,"male"
"420",6.76073217391968,3,3,"male"
"421",9.85940170288086,3,15,"male"
"422",12.0727367401123,3,24,"male"
"423",12.3513383865356,3,4,"male"
"424",15.4933452606201,3,20,"male"
"425",9.78527069091797,3,18,"male"
"426",7.88752126693726,3,8,"female"
"427",8.15439224243164,3,11,"male"
"428",7.04242992401123,3,33,"male"
"429",15.1579914093018,3,31,"male"
"430",9.4406623840332,3,9,"male"
"431",6.54945993423462,3,2,"male"
"432",15.2268753051758,3,29,"male"
"433",7.74667263031006,3,10,"male"
"434",5.91564083099365,3,3,"female"
"435",5.35224628448486,3,14,"male"
"436",7.70960760116577,3,7,"female"
"437",4.78885221481323,3,23,"female"
"438",9.50671672821045,3,12,"male"
"439",9.48874759674072,3,12,"male"
"440",6.89594745635986,3,7,"male"
"441",7.52294588088989,3,9,"female"
"442",10.5636444091797,3,30,"male"
"443",7.5119252204895,3,10,"male"
"444",6.33818674087524,3,18,"female"
"445",7.54047060012817,3,17,"male"
"446",13.3435516357422,3,18,"male"
"447",6.65829706192017,3,16,"female"
"448",8.74743938446045,3,10,"female"
"449",9.64427375793457,3,18,"male"
"450",6.53537464141846,3,3,"female"
"451",8.89570045471191,3,11,"male"
"452",7.32412719726562,3,6,"male"
"453",18.7798118591309,3,43,"male"
"454",7.04242992401123,3,5,"male"
"455",10.0817947387695,3,10,"female"
"456",19.7188034057617,3,24,"male"
"457",8.89570045471191,3,18,"male"
"458",22.535774230957,3,15,"male"
"459",11.4087362289429,3,22,"male"
"460",12.6763734817505,3,35,"male"
"461",8.08993339538574,3,9,"male"
"462",2.47893524169922,3,16,"female"
"463",11.2678871154785,3,2,"male"
"464",15.2268753051758,3,22,"male"
"465",8.55152130126953,3,15,"male"
"466",5.90222692489624,3,2,"male"
"467",24.4631767272949,3,16,"female"
"468",11.1618671417236,3,29,"male"
"469",6.33818674087524,3,1,"male"
"470",14.8261680603027,3,32,"male"
"471",7.98142051696777,3,2,"female"
"472",10.1975870132446,3,30,"female"
"473",9.38990592956543,3,13,"female"
"474",12.1814994812012,3,37,"male"
"475",7.1566309928894,3,9,"female"
"476",10.0817947387695,3,15,"male"
"477",5.70101451873779,3,1,"male"
"478",9.63700866699219,3,15,"male"
"479",7.85786914825439,3,24,"female"
"480",15.4933452606201,3,32,"male"
"481",11.5644111633301,3,19,"male"
"482",10.0158996582031,3,26,"female"
"483",10.463038444519,3,25,"female"
"484",10.0817947387695,3,6,"female"
"485",11.7246932983398,3,14,"female"
"486",11.9721307754517,3,23,"male"
"487",7.74667263031006,3,13,"female"
"488",9.80306243896484,3,20,"male"
"489",6.67177581787109,3,2,"female"
"490",18.3844470977783,3,28,"male"
"491",11.5495843887329,3,29,"female"
"492",12.4860382080078,3,30,"male"
"493",6.33818674087524,3,1,"male"
"494",8.74743938446045,3,22,"female"
"495",9.43685626983643,3,8,"male"
"496",10.8922910690308,3,14,"female"
"497",16.7852096557617,3,18,"male"
"498",6.67177581787109,3,11,"female"
"499",9.15515804290771,3,42,"female"
"500",8.15439224243164,3,18,"female"
"501",7.74667263031006,3,13,"male"
"502",13.3023672103882,3,31,"male"
"503",11.0744552612305,3,28,"female"
"504",10.0158996582031,3,9,"male"
"505",10.5636444091797,3,30,"male"
"506",7.04242992401123,3,14,"male"
"507",10.328896522522,3,22,"male"
"508",9.48874759674072,3,17,"male"
"509",8.31006717681885,3,14,"female"
"510",6.31001710891724,3,43,"male"
"511",10.6588125228882,3,11,"male"
"512",11.8312816619873,3,22,"male"
"513",11.1651420593262,3,22,"female"
"514",10.8837547302246,3,24,"male"
"515",15.2616777420044,3,25,"male"
"516",6.50070428848267,3,13,"female"
"517",14.0848598480225,3,25,"male"
"518",15.4933452606201,3,37,"male"
"519",8.66760635375977,3,6,"male"
"520",6.57293462753296,3,11,"female"
"521",7.04242992401123,3,5,"male"
"522",13.7041873931885,3,30,"female"
"523",12.6022424697876,3,22,"male"
"524",13.4588661193848,3,28,"male"
"525",6.67177581787109,3,4,"female"
"526",11.0800895690918,3,17,"female"
"527",7.70960760116577,3,18,"male"
"528",11.4201564788818,3,32,"female"
"529",11.2336387634277,3,19,"female"
"530",11.1480169296265,3,21,"male"
"531",8.08705615997314,3,7,"female"
"532",7.41308403015137,3,5,"female"
"533",6.66683340072632,3,16,"male"
"534",6.76073217391968,3,15,"male"
"535",12.1814994812012,3,16,"male"
"536",16.9018306732178,3,22,"male"
"537",12.7505044937134,3,25,"male"
"538",8.15439224243164,3,11,"female"
"539",8.60741424560547,3,13,"female"
"540",6.93464374542236,3,2,"male"
"541",13.1458692550659,3,13,"male"
"542",10.0943374633789,3,12,"male"
"543",9.57770442962646,3,4,"female"
"544",12.6022424697876,3,31,"female"
"545",12.5198745727539,3,13,"male"
"546",9.85940170288086,3,15,"male"
"547",15.1154594421387,3,9,"male"
"548",17.7066802978516,3,15,"female"
"549",8.89570045471191,3,14,"male"
"550",9.7185525894165,3,15,"male"
"551",10.328896522522,3,16,"male"
"552",7.80751943588257,3,21,"female"
"553",13.3435516357422,3,24,"male"
"554",11.3910932540894,3,34,"male"
"555",11.1196260452271,3,18,"male"
"556",12.5762147903442,3,17,"male"
"557",8.87346172332764,3,12,"female"
"558",11.9721307754517,3,9,"female"
"559",7.70960760116577,3,25,"male"
"560",5.16444826126099,3,7,"male"
"561",9.38990592956543,3,22,"male"
"562",9.38990592956543,3,17,"male"
"563",14.2726573944092,3,16,"female"
"564",10.7044925689697,3,14,"male"
"565",13.8681688308716,3,34,"male"
"566",11.8609342575073,3,12,"male"
"567",7.43367624282837,3,1,"male"
"568",11.8609342575073,3,16,"male"
"569",6.51033449172974,3,7,"male"
"570",4.96323585510254,3,5,"female"
"571",8.15439224243164,3,9,"female"
"572",10.3783168792725,3,22,"female"
"573",11.6801271438599,3,15,"male"
"574",9.12162303924561,3,35,"male"
"575",9.29600715637207,3,12,"male"
"576",9.89070129394531,3,25,"male"
"577",6.61988353729248,3,5,"male"
"578",8.19482707977295,3,12,"male"
"579",8.15439224243164,3,20,"male"
"580",10.0158996582031,3,21,"female"
"581",10.9633502960205,3,16,"female"
"582",10.0157747268677,3,33,"male"
"583",9.15515804290771,3,35,"male"
"584",8.15439224243164,3,11,"female"
"585",5.63394355773926,3,6,"male"
"586",15.1154594421387,3,27,"male"
"587",10.5636444091797,3,19,"male"
"588",11.1454105377197,3,27,"female"
"589",11.9721307754517,3,34,"male"
"590",12.9869909286499,3,19,"female"
"591",7.98142051696777,3,12,"female"
"592",13.3806161880493,3,24,"male"
"593",22.535774230957,3,20,"male"
"594",9.89070129394531,3,8,"female"
"595",8.15439224243164,3,22,"female"
"596",7.60582399368286,3,12,"male"
"597",9.43358039855957,3,25,"female"
"598",13.3435516357422,3,21,"male"
"599",8.15439224243164,3,32,"male"
"600",8.96309280395508,3,29,"male"
"601",8.15439224243164,3,6,"male"
"602",11.7373828887939,3,24,"female"
"603",8.38527965545654,3,9,"female"
"604",14.0566902160645,3,22,"female"
"605",11.8609342575073,3,17,"male"
"606",9.14107418060303,3,21,"male"
"607",11.8484344482422,3,15,"male"
"608",6.76073217391968,3,26,"male"
"609",12.6763734817505,3,33,"male"
"610",19.5873908996582,3,22,"male"
"611",8.60741424560547,3,14,"male"
"612",9.48874759674072,3,28,"male"
"613",9.43685626983643,3,14,"female"
"614",12.2068786621094,3,39,"female"
"615",10.3783168792725,3,5,"male"
"616",11.6225299835205,3,14,"male"
"617",7.19084882736206,3,3,"female"
"618",8.13791942596436,3,4,"male"
"619",7.79678535461426,3,15,"female"
"620",10.5570249557495,3,5,"male"
"621",12.8987655639648,3,17,"male"
"622",10.7313213348389,3,19,"female"
"623",10.6588125228882,3,16,"male"
"624",5.12238168716431,3,1,"female"
"625",6.98560047149658,3,21,"female"
"626",8.92041110992432,3,32,"male"
"627",10.2278318405151,3,9,"female"
"628",8.60741424560547,3,23,"male"
"629",10.3783168792725,3,15,"male"
"630",8.1812915802002,3,8,"female"
"631",7.6292986869812,3,10,"female"
"632",9.95330047607422,3,14,"female"
"633",12.6022424697876,3,22,"male"
"634",8.63871383666992,3,11,"female"
"635",5.8843412399292,3,10,"male"
"636",7.74667263031006,3,4,"female"
"637",6.14612054824829,3,6,"male"
"638",7.74667263031006,3,29,"male"
"639",5.79964780807495,3,1,"female"
"640",6.22699022293091,3,1,"male"
"641",8.45091533660889,3,19,"male"
"642",8.66760635375977,3,11,"female"
"643",6.37525224685669,3,16,"female"
"644",6.79547500610352,3,2,"male"
"645",10.7313213348389,3,11,"male"
"646",7.60582399368286,3,31,"male"
"647",8.90859985351562,3,12,"male"
"648",10.7707748413086,3,4,"male"
"649",9.56287860870361,3,21,"male"
"650",12.5355253219604,3,20,"male"
"651",12.3946762084961,3,21,"female"
"652",9.10550975799561,3,18,"female"
"653",7.5119252204895,3,12,"male"
"654",7.60582399368286,3,16,"female"
"655",6.22550773620605,3,23,"female"
"656",7.37890148162842,3,25,"male"
"657",8.13791942596436,3,14,"male"
"658",9.15515804290771,3,15,"male"
"659",8.45091533660889,3,6,"male"
"660",8.15439224243164,3,2,"male"
"661",30.7306022644043,3,23,"female"
"662",14.8673524856567,3,17,"male"
"663",11.4967660903931,3,29,"female"
"664",10.7983922958374,3,28,"male"
"665",6.70283889770508,3,26,"female"
"666",8.88429546356201,3,22,"female"
"667",7.41308403015137,3,7,"male"
"668",6.76073217391968,3,11,"female"
"669",10.6418943405151,3,17,"male"
"670",6.65502214431763,3,18,"female"
"671",5.63394355773926,3,36,"male"
"672",8.45091533660889,3,16,"male"
"673",10.1410989761353,3,7,"male"
"674",5.95588302612305,3,3,"female"
"675",8.89570045471191,3,21,"female"
"676",10.1723985671997,3,29,"female"
"677",2.25357747077942,3,47,"female"
"678",8.60741424560547,3,3,"female"
"679",9.38990592956543,3,18,"female"
"680",7.78818607330322,3,16,"female"
"681",8.66218852996826,3,12,"male"
"682",17.0192050933838,3,24,"male"
"683",16.4846706390381,3,24,"male"
"684",11.2678871154785,3,28,"male"
"685",7.30890035629272,3,13,"female"
"686",5.63394355773926,3,19,"male"
"687",11.4201564788818,3,4,"male"
"688",6.76073217391968,3,13,"male"
"689",10.1410989761353,3,11,"female"
"690",8.00613117218018,3,3,"female"
"691",12.5198745727539,3,19,"male"
"692",11.7126722335815,3,17,"female"
"693",8.89570045471191,3,16,"male"
"694",11.9002981185913,3,25,"male"
"695",8.83158779144287,3,27,"male"
"696",14.7676315307617,3,18,"female"
"697",8.07024383544922,3,9,"female"
"698",8.41204166412354,3,21,"female"
"699",10.6418943405151,3,13,"female"
"700",11.4740591049194,3,17,"female"
"701",12.6022424697876,3,34,"male"
"702",9.05455207824707,3,7,"female"
"703",9.07690906524658,3,1,"female"
"704",7.43367624282837,3,3,"female"
"705",11.701268196106,3,27,"male"
"706",8.59176445007324,3,18,"male"
"707",6.21300745010376,3,0,"female"
"708",10.5636444091797,3,24,"female"
"709",6.90158081054688,3,3,"female"
"710",7.04242992401123,3,11,"female"
"711",10.4629373550415,3,21,"male"
"712",7.19892835617065,3,4,"female"
"713",8.45091533660889,3,16,"male"
"714",5.47744512557983,3,2,"female"
"715",6.98609018325806,3,18,"female"
"716",12.1748113632202,3,10,"female"
"717",14.5074052810669,3,38,"female"
"718",13.3435516357422,3,18,"female"
"719",10.5104351043701,3,15,"female"
"720",8.16921806335449,3,11,"male"
"721",15.7584085464478,3,25,"male"
"722",7.60582399368286,3,4,"female"
"723",9.57770442962646,3,19,"male"
"724",5.56843280792236,3,3,"female"
"725",14.4460105895996,3,18,"male"
"726",10.2819471359253,3,19,"male"
"727",7.46604108810425,3,5,"female"
"728",10.8345069885254,3,26,"male"
"729",9.63700866699219,3,14,"female"
"730",7.28527212142944,3,16,"female"
"731",22.4077301025391,3,32,"male"
"732",10.4506521224976,3,10,"female"
"733",8.59917736053467,3,5,"female"
"734",7.77484226226807,3,28,"male"
"735",4.77114534378052,3,3,"male"
"736",15.2268753051758,3,24,"male"
"737",8.56359481811523,3,4,"male"
"738",9.7185525894165,3,6,"male"
"739",9.05455207824707,3,18,"female"
"740",5.74662256240845,3,13,"male"
"741",9.01430988311768,3,18,"female"
"742",12.0566396713257,3,26,"male"
"743",7.79886054992676,3,20,"female"
"744",12.6318950653076,3,18,"male"
"745",14.0193490982056,3,17,"male"
"746",14.0848598480225,3,31,"male"
"747",14.6482543945312,3,33,"male"
"748",10.328896522522,3,35,"male"
"749",12.7702722549438,3,32,"male"
"750",13.9440107345581,3,31,"male"
"751",12.743444442749,3,26,"male"
"752",8.16921806335449,3,9,"female"
"753",20.8142929077148,3,22,"male"
"754",13.3435516357422,3,13,"female"
"755",8.10974884033203,3,6,"male"
"756",5.95588302612305,3,8,"female"
"757",8.87346172332764,3,5,"male"
"758",7.88752126693726,3,10,"male"
"759",8.93186187744141,3,14,"male"
"760",13.2563381195068,3,5,"male"
"761",6.3011212348938,3,4,"female"
"762",13.7718620300293,3,17,"male"
"763",7.26482200622559,3,9,"male"
"764",8.00613117218018,3,5,"male"
"765",8.89570045471191,3,16,"male"
"766",14.8897085189819,3,29,"female"
"767",7.43680572509766,3,4,"female"
"768",13.9283618927002,3,33,"male"
"769",19.1858615875244,3,35,"female"
"770",21.1272888183594,3,32,"female"
"771",9.63700866699219,3,11,"female"
"772",7.70502138137817,3,12,"female"
"773",13.5659427642822,3,16,"male"
"774",18.34397315979,3,43,"male"
"775",9.01430988311768,3,10,"female"
"776",9.8416109085083,3,15,"female"
"777",8.45091533660889,3,10,"male"
"778",8.30265331268311,3,12,"female"
"779",10.5636444091797,3,21,"female"
"780",8.80303764343262,3,3,"male"
"781",14.0848598480225,3,34,"male"
"782",7.5119252204895,3,23,"male"
"783",9.75369071960449,3,12,"male"
"784",14.5116739273071,3,23,"female"
"785",10.3041868209839,4,15,"male"
"786",10.8171720504761,4,4,"female"
"787",8.04849147796631,4,4,"female"
"788",9.19222354888916,4,6,"female"
"789",13.3487844467163,4,25,"male"
"790",7.27717733383179,4,16,"male"
"791",5.98606538772583,4,10,"female"
"792",12.743444442749,4,24,"male"
"793",8.65212821960449,4,6,"female"
"794",8.19112777709961,4,14,"male"
"795",7.67624807357788,4,3,"female"
"796",7.68265056610107,4,5,"male"
"797",7.56134557723999,4,1,"male"
"798",20.4418754577637,4,24,"male"
"799",6.69030809402466,4,2,"female"
"800",12.0727367401123,4,28,"male"
"801",9.82664585113525,4,10,"female"
"802",12.9893712997437,4,14,"male"
"803",8.45091533660889,4,6,"female"
"804",8.71919822692871,4,14,"male"
"805",11.2678871154785,4,24,"male"
"806",8.31006717681885,4,2,"female"
"807",15.9882183074951,4,18,"male"
"808",10.7044925689697,4,25,"male"
"809",9.19222354888916,4,5,"female"
"810",12.4781475067139,4,13,"female"
"811",6.33818674087524,4,10,"female"
"812",11.1902513504028,4,33,"male"
"813",8.91684341430664,4,12,"female"
"814",10.0158996582031,4,5,"male"
"815",17.2148284912109,4,33,"male"
"816",26.4795341491699,4,45,"male"
"817",5.98606538772583,4,4,"female"
"818",13.3435516357422,4,15,"female"
"819",11.8609342575073,4,6,"female"
"820",10.6858472824097,4,11,"female"
"821",9.57770442962646,4,25,"male"
"822",8.02836990356445,4,7,"female"
"823",15.4933452606201,4,32,"male"
"824",8.87346172332764,4,10,"female"
"825",7.5119252204895,4,6,"female"
"826",9.50728034973145,4,24,"female"
"827",8.60741424560547,4,13,"female"
"828",19.7188034057617,4,18,"female"
"829",13.3435516357422,4,27,"female"
"830",14.8673524856567,4,29,"female"
"831",10.8426723480225,4,16,"male"
"832",11.2678871154785,4,20,"male"
"833",11.9475917816162,4,22,"female"
"834",7.88752126693726,4,26,"female"
"835",9.38990592956543,4,4,"male"
"836",9.01430988311768,4,7,"male"
"837",16.4323348999023,4,26,"male"
"838",9.7185525894165,4,8,"female"
"839",13.2045564651489,4,10,"female"
"840",14.0848598480225,4,19,"male"
"841",10.9439353942871,4,26,"female"
"842",10.5636444091797,4,11,"male"
"843",5.63394355773926,4,6,"male"
"844",8.59917736053467,4,3,"female"
"845",14.8531255722046,4,27,"male"
"846",11.2678871154785,4,23,"male"
"847",16.3087844848633,4,18,"female"
"848",14.8261680603027,4,15,"male"
"849",11.2678871154785,4,11,"female"
"850",8.45091533660889,4,10,"male"
"851",18.0286197662354,4,27,"female"
"852",13.6824350357056,4,35,"male"
"853",11.2678871154785,4,20,"female"
"854",7.32412719726562,4,3,"female"
"855",11.9721307754517,4,29,"female"
"856",9.08942890167236,4,13,"female"
"857",7.20620679855347,4,4,"male"
"858",13.3733081817627,4,18,"male"
"859",7.83630323410034,4,1,"male"
"860",11.2678871154785,4,17,"female"
"861",10.0158996582031,4,30,"male"
"862",11.5182847976685,4,18,"male"
"863",10.1723985671997,4,13,"male"
"864",16.1553325653076,4,7,"male"
"865",17.3847408294678,4,32,"male"
"866",19.2740173339844,4,25,"male"
"867",31.9256820678711,4,31,"male"
"868",11.4087362289429,4,21,"male"
"869",19.7188034057617,4,36,"female"
"870",13.0014085769653,4,25,"male"
"871",20.2821979522705,4,18,"male"
"872",6.76073217391968,4,20,"female"
"873",17.8676509857178,4,34,"male"
"874",7.74667263031006,4,4,"male"
"875",8.35358905792236,4,10,"female"
"876",9.85940170288086,4,6,"male"
"877",10.2718315124512,4,10,"male"
"878",12.8172225952148,4,28,"female"
"879",8.37478065490723,4,5,"female"
"880",6.5302529335022,4,8,"female"
"881",12.6022424697876,4,24,"female"
"882",6.25993728637695,4,2,"male"
"883",7.5119252204895,4,1,"female"
"884",10.1060428619385,4,3,"male"
"885",14.8261680603027,4,21,"male"
"886",8.36625862121582,4,11,"female"
"887",11.2678871154785,4,12,"female"
"888",8.59176445007324,4,19,"female"
"889",11.1196260452271,4,18,"female"
"890",8.60741424560547,4,8,"female"
"891",25.9161415100098,4,20,"male"
"892",11.8938808441162,4,12,"male"
"893",11.9439601898193,4,15,"male"
"894",10.410548210144,4,20,"male"
"895",9.38990592956543,4,16,"male"
"896",7.88752126693726,4,2,"male"
"897",9.70290374755859,4,17,"female"
"898",8.70700359344482,4,5,"female"
"899",7.00253534317017,4,3,"female"
"900",9.69631385803223,4,8,"female"
"901",20.0004997253418,4,35,"male"
"902",8.56979179382324,4,4,"male"
"903",13.3435516357422,4,5,"male"
"904",12.1814994812012,4,23,"male"
"905",10.2522745132446,4,18,"female"
"906",15.4933452606201,4,27,"female"
"907",7.53406524658203,4,15,"female"
"908",6.88593101501465,4,4,"male"
"909",6.76073217391968,4,9,"male"
"910",14.0848598480225,4,29,"female"
"911",14.0848598480225,4,21,"male"
"912",11.8312816619873,4,12,"male"
"913",11.0971622467041,4,14,"female"
"914",8.45091533660889,4,3,"female"
"915",11.8609342575073,4,16,"male"
"916",11.2678871154785,4,10,"female"
"917",17.7469234466553,4,13,"male"
"918",13.5214643478394,4,32,"male"
"919",15.023850440979,4,15,"female"
"920",18.3103160858154,4,31,"male"
"921",6.69030809402466,4,6,"female"
"922",12.1513786315918,4,19,"male"
"923",12.7311029434204,4,8,"female"
"924",9.85940170288086,4,8,"male"
"925",15.4933452606201,4,10,"male"
"926",11.8312816619873,4,13,"female"
"927",15.023850440979,4,11,"male"
"928",14.4655313491821,4,29,"male"
"929",17.4652252197266,4,15,"male"
"930",7.88752126693726,4,6,"female"
"931",7.17047357559204,4,13,"female"
"932",15.4933452606201,4,32,"male"
"933",11.1615867614746,4,32,"male"
"934",9.38990592956543,4,14,"female"
"935",13.1952886581421,4,17,"female"
"936",6.3936595916748,4,4,"female"
"937",8.31006717681885,4,3,"female"
"938",10.3783168792725,4,8,"female"
"939",9.12162303924561,4,7,"female"
"940",7.74667263031006,4,2,"male"
"941",11.5182847976685,4,22,"male"
"942",12.5723333358765,4,9,"female"
"943",14.0848598480225,4,36,"female"
"944",7.98142051696777,4,3,"male"
"945",11.9721307754517,4,9,"female"
"946",9.96774673461914,4,4,"male"
"947",12.6763734817505,4,28,"male"
"948",8.73261260986328,4,5,"female"
"949",15.5834884643555,4,41,"male"
"950",14.7555665969849,4,10,"male"
"951",7.32412719726562,4,3,"male"
"952",9.26470756530762,4,18,"male"
"953",11.2678871154785,4,32,"male"
"954",8.69254875183105,4,13,"female"
"955",12.2786169052124,4,32,"female"
"956",12.7233228683472,4,8,"female"
"957",10.3327932357788,4,7,"male"
"958",9.01430988311768,4,3,"female"
"959",11.9721307754517,4,18,"female"
"960",9.38990592956543,4,5,"female"
"961",9.15515804290771,4,6,"male"
"962",12.2068786621094,4,9,"male"
"963",9.63700866699219,4,9,"female"
"964",9.01430988311768,4,5,"female"
"965",10.0817947387695,4,8,"male"
"966",11.5495843887329,4,7,"male"
"967",13.3023672103882,4,29,"female"
"968",7.98142051696777,4,13,"female"
"969",17.6530246734619,4,35,"female"
"970",12.886661529541,4,31,"female"
"971",12.7505044937134,4,17,"male"
"972",12.6763734817505,4,26,"male"
"973",8.76391220092773,4,7,"male"
"974",6.42136430740356,4,6,"male"
"975",9.66831684112549,4,11,"male"
"976",7.32412719726562,4,2,"female"
"977",6.19733810424805,4,10,"male"
"978",8.45091533660889,4,9,"male"
"979",12.4539804458618,4,8,"female"
"980",6.31001710891724,4,18,"female"
"981",7.85786914825439,4,1,"female"
"982",11.1196260452271,4,2,"female"
"983",18.0286197662354,4,27,"male"
"984",4.50715494155884,4,4,"female"
"985",6.67177581787109,4,8,"male"
"986",16.6931667327881,4,11,"female"
"987",8.45091533660889,4,14,"female"
"988",7.46305990219116,4,4,"male"
"989",8.89570045471191,4,2,"male"
"990",12.1814994812012,4,17,"male"
"991",12.5198745727539,4,24,"male"
"992",10.2020063400269,4,4,"female"
"993",10.2546672821045,4,6,"female"
"994",15.4933452606201,4,18,"male"
"995",7.75996017456055,4,20,"female"
"996",13.3023672103882,4,14,"male"
"997",11.5568075180054,4,8,"female"
"998",8.02836990356445,4,7,"female"
"999",7.11656045913696,4,7,"female"
"1000",10.7044925689697,4,24,"male"
"1001",15.9628410339355,4,18,"female"
"1002",15.8454666137695,4,25,"female"
"1003",25.6088352203369,4,35,"male"
"1004",13.5214643478394,4,14,"female"
"1005",10.9548902511597,4,26,"female"
"1006",17.7066802978516,4,29,"male"
"1007",7.72395515441895,4,1,"female"
"1008",10.3783168792725,4,12,"female"
"1009",8.85334014892578,4,3,"female"
"1010",6.33818674087524,4,19,"female"
"1011",21.1272888183594,4,32,"male"
"1012",13.5414800643921,4,17,"female"
"1013",16.9018306732178,4,9,"female"
"1014",12.4539804458618,4,13,"female"
"1015",20.9102325439453,4,26,"female"
"1016",9.15515804290771,4,3,"female"
"1017",11.1196260452271,4,12,"male"
"1018",12.0503797531128,4,8,"male"
"1019",9.01430988311768,4,10,"male"
"1020",10.1410989761353,4,14,"male"
"1021",11.6790084838867,4,17,"male"
"1022",8.07531929016113,4,7,"female"
"1023",10.0418338775635,4,13,"female"
"1024",11.5898275375366,4,10,"female"
"1025",8.45091533660889,4,15,"female"
"1026",7.88752126693726,4,7,"female"
"1027",7.97706031799316,4,10,"female"
"1028",15.023850440979,4,19,"male"
"1029",11.5015783309937,4,21,"male"
"1030",15.2742471694946,4,19,"male"
"1031",14.0848598480225,4,31,"female"
"1032",8.0834846496582,4,10,"female"
"1033",8.87346172332764,4,12,"female"
"1034",17.92138671875,4,19,"male"
"1035",8.63871383666992,4,12,"male"
"1036",9.26470756530762,4,9,"male"
"1037",9.78527069091797,4,33,"male"
"1038",14.3978567123413,4,22,"female"
"1039",8.45091533660889,4,15,"female"
"1040",10.1122064590454,4,19,"male"
"1041",11.9439601898193,4,24,"female"
"1042",13.3023672103882,4,7,"male"
"1043",14.4306230545044,4,12,"female"
"1044",16.7006187438965,4,23,"female"
"1045",8.45091533660889,4,8,"female"
"1046",8.45091533660889,4,4,"female"
"1047",13.8902320861816,4,41,"female"
"1048",10.6588125228882,4,8,"male"
"1049",14.3978567123413,4,18,"male"
"1050",10.0817947387695,4,4,"female"
"1051",9.92647171020508,4,12,"female"
"1052",12.0727367401123,4,32,"female"
"1053",8.99033546447754,4,10,"female"
"1054",7.32412719726562,4,14,"male"
"1055",15.2921333312988,4,28,"male"
"1056",10.8231029510498,4,10,"male"
"1057",11.1196260452271,4,3,"female"
"1058",12.1129789352417,4,11,"female"
"1059",10.674840927124,4,3,"male"
"1060",10.1563262939453,4,17,"male"
"1061",11.6904335021973,4,8,"female"
"1062",10.8453416824341,4,24,"female"
"1063",7.32412719726562,4,6,"male"
"1064",11.5495843887329,4,18,"female"
"1065",7.18327856063843,4,4,"female"
"1066",12.8775863647461,4,22,"female"
"1067",14.487283706665,4,24,"male"
"1068",10.8581466674805,4,5,"male"
"1069",12.5566520690918,4,17,"male"
"1070",14.8261680603027,4,18,"female"
"1071",10.1723985671997,4,10,"female"
"1072",12.4336128234863,4,34,"male"
"1073",12.5198745727539,4,20,"female"
"1074",12.5198745727539,4,29,"female"
"1075",14.965163230896,4,29,"female"
"1076",11.4161491394043,4,6,"female"
"1077",9.89746856689453,4,18,"female"
"1078",6.14612054824829,4,14,"male"
"1079",8.15439224243164,4,3,"male"
"1080",11.9721307754517,4,15,"female"
"1081",15.7750425338745,4,18,"male"
"1082",10.2435340881348,4,5,"male"
"1083",10.230055809021,4,12,"male"
"1084",14.8261680603027,4,9,"female"
"1085",11.8312816619873,4,26,"female"
"1086",9.96774673461914,4,19,"female"
"1087",8.84632968902588,4,13,"female"
"1088",9.01430988311768,4,11,"male"
"1089",10.8453416824341,4,9,"male"
"1090",8.64744853973389,4,8,"female"
"1091",13.3806161880493,4,21,"male"
"1092",14.8261680603027,4,15,"male"
"1093",15.7750425338745,4,20,"male"
"1094",5.55345869064331,4,1,"female"
"1095",16.9018306732178,4,14,"male"
"1096",13.615364074707,4,27,"female"
"1097",6.25993728637695,4,4,"male"
"1098",12.895471572876,4,10,"male"
"1099",8.71919822692871,4,5,"male"
"1100",11.5223541259766,4,18,"female"
"1101",7.36960124969482,4,17,"female"
"1102",11.5992956161499,4,13,"female"
"1103",12.6763734817505,4,18,"female"
"1104",13.2045564651489,4,25,"female"
"1105",8.11287879943848,4,13,"female"
"1106",17.3352127075195,4,28,"female"
"1107",11.2678871154785,4,2,"female"
"1108",6.40220880508423,4,16,"female"
"1109",9.13612461090088,4,14,"male"
"1110",10.8837547302246,4,31,"female"
"1111",16.0122623443604,4,26,"male"
"1112",13.4879236221313,4,24,"female"
"1113",14.0087242126465,4,6,"male"
"1114",12.1574583053589,4,11,"male"
"1115",11.9721307754517,4,26,"female"
"1116",9.05455207824707,4,10,"female"
"1117",13.2003297805786,4,21,"male"
"1118",14.0848598480225,4,21,"male"
"1119",12.8524332046509,4,13,"female"
"1120",7.46497535705566,4,4,"female"
"1121",15.4933452606201,4,18,"male"
"1122",15.7915210723877,4,25,"female"
"1123",13.1315498352051,4,4,"female"
"1124",13.1458692550659,4,14,"female"
"1125",6.00954008102417,4,21,"female"
"1126",9.90208339691162,4,12,"female"
"1127",9.67643928527832,4,10,"male"
"1128",11.2678871154785,4,7,"female"
"1129",11.8312816619873,4,16,"female"
"1130",11.1196260452271,4,18,"female"
"1131",8.98385620117188,4,2,"female"
"1132",19.2493076324463,4,10,"male"
"1133",8.33823680877686,4,3,"female"
"1134",12.3242521286011,4,14,"female"
"1135",17.8256568908691,4,24,"female"
"1136",11.2678871154785,4,18,"female"
"1137",9.85940170288086,4,15,"female"
"1138",12.4336128234863,4,33,"female"
"1139",8.65212821960449,4,2,"male"
"1140",12.9580707550049,4,24,"male"
"1141",9.15515804290771,5,2,"male"
"1142",9.23966789245605,5,3,"female"
"1143",11.8609342575073,5,2,"male"
"1144",21.9415340423584,5,37,"male"
"1145",18.3103160858154,5,13,"male"
"1146",10.3783168792725,5,2,"female"
"1147",6.40220880508423,5,19,"female"
"1148",9.76550197601318,5,2,"female"
"1149",5.84521675109863,5,1,"female"
"1150",7.09876918792725,5,5,"female"
"1151",10.7478313446045,5,5,"female"
"1152",30.2824478149414,5,37,"male"
"1153",18.7798118591309,5,20,"male"
"1154",9.63700866699219,5,8,"female"
"1155",21.1272888183594,5,39,"male"
"1156",11.0425300598145,5,14,"male"
"1157",7.04242992401123,5,7,"female"
"1158",13.0014085769653,5,16,"male"
"1159",9.23966789245605,5,3,"male"
"1160",17.5278244018555,5,27,"male"
"1161",9.65818881988525,5,18,"male"
"1162",5.28182220458984,5,6,"male"
"1163",17.2148284912109,5,12,"male"
"1164",8.04849147796631,5,7,"female"
"1165",37.5596237182617,5,18,"male"
"1166",2.81697177886963,5,10,"female"
"1167",19.7949371337891,5,32,"male"
"1168",11.1196260452271,5,6,"male"
"1169",14.5296440124512,5,12,"male"
"1170",15.7750425338745,5,9,"male"
"1171",14.6482543945312,5,13,"male"
"1172",15.7750425338745,5,26,"male"
"1173",11.1505136489868,5,4,"female"
"1174",22.8040580749512,5,11,"female"
"1175",11.6353187561035,5,19,"male"
"1176",12.2068786621094,5,15,"female"
"1177",26.2917385101318,5,26,"male"
"1178",13.1458692550659,5,20,"male"
"1179",22.8878974914551,5,10,"male"
"1180",18.7798118591309,5,16,"male"
"1181",18.3103160858154,5,22,"male"
"1182",14.3978567123413,5,10,"male"
"1183",17.5779037475586,5,15,"female"
"1184",9.63700866699219,5,11,"male"
"1185",11.8044538497925,5,27,"female"
"1186",13.88818359375,5,20,"female"
"1187",9.15515804290771,5,6,"female"
"1188",10.4227962493896,5,1,"male"
"1189",9.85940170288086,5,6,"female"
"1190",8.11287879943848,5,7,"male"
"1191",20.5638942718506,5,14,"male"
"1192",11.2678871154785,5,18,"male"
"1193",15.4933452606201,5,9,"male"
"1194",17.8877716064453,5,23,"male"
"1195",5.63394355773926,5,9,"male"
"1196",24.6641540527344,5,19,"male"
"1197",18.3103160858154,5,8,"male"
"1198",5.32094717025757,5,11,"male"
"1199",13.9018974304199,5,30,"female"
"1200",11.7126722335815,5,5,"female"
"1201",14.3409471511841,5,19,"male"
"1202",8.67330741882324,5,7,"female"
"1203",10.2819471359253,5,6,"female"
"1204",7.15013217926025,5,26,"male"
"1205",18.7328624725342,5,6,"male"
"1206",6.19733810424805,5,8,"male"
"1207",14.6482543945312,5,19,"male"
"1208",13.2961072921753,5,30,"male"
"1209",9.65818881988525,5,6,"male"
"1210",15.4583549499512,5,30,"female"
"1211",21.4089851379395,5,21,"male"
"1212",16.9018306732178,5,11,"male"
"1213",21.0531578063965,5,16,"male"
"1214",17.8802108764648,5,16,"male"
"1215",14.5296440124512,5,10,"male"
"1216",13.3437147140503,5,5,"female"
"1217",17.6060752868652,5,22,"female"
"1218",10.4817552566528,5,9,"male"
"1219",16.2758388519287,5,18,"male"
"1220",16.573184967041,5,11,"female"
"1221",20.5404205322266,5,20,"male"
"1222",8.45091533660889,5,18,"female"
"1223",11.4020290374756,5,27,"female"
"1224",15.2921333312988,5,9,"female"
"1225",7.5119252204895,5,2,"male"
"1226",26.2917385101318,5,28,"male"
"1227",12.4620962142944,5,32,"female"
"1228",24.4513168334961,5,30,"male"
"1229",10.4791355133057,5,9,"male"
"1230",33.8036613464355,5,21,"female"
"1231",18.8341331481934,5,15,"male"
"1232",8.7889518737793,5,1,"female"
"1233",10.1410989761353,5,4,"male"
"1234",13.3020534515381,5,6,"female"
"1235",13.7041873931885,5,28,"male"
"1236",9.85940170288086,5,15,"male"
"1237",12.5680284500122,5,5,"male"
"1238",8.73261260986328,5,3,"male"
"1239",12.8987655639648,5,9,"male"
"1240",20.1212272644043,5,31,"male"
"1241",17.0392436981201,5,7,"male"
"1242",32.011043548584,5,13,"male"
"1243",15.4933452606201,5,11,"female"
"1244",10.2327442169189,5,12,"female"
"1245",12.3946762084961,5,6,"male"
"1246",15.4933452606201,5,18,"male"
"1247",29.1713085174561,5,28,"male"
"1248",11.0229330062866,5,5,"female"
"1249",12.4971113204956,5,8,"male"
"1250",17.0500926971436,5,18,"male"
"1251",18.2722492218018,5,25,"male"
"1252",12.1814994812012,5,8,"male"
"1253",14.0848598480225,5,12,"male"
"1254",7.88752126693726,5,7,"male"
"1255",15.2711172103882,5,5,"male"
"1256",16.005521774292,5,6,"male"
"1257",24.2729568481445,5,31,"male"
"1258",12.3410196304321,5,9,"female"
"1259",13.5214643478394,5,3,"female"
"1260",18.3103160858154,5,15,"male"
"1261",17.0359725952148,5,15,"male"
"1262",9.01430988311768,5,0,"male"
"1263",11.4369058609009,5,10,"female"
"1264",14.6482543945312,5,14,"male"
"1265",8.25664234161377,5,5,"female"
"1266",18.253978729248,5,24,"male"
"1267",4.88275098800659,5,3,"female"
"1268",14.0848598480225,5,26,"male"
"1269",11.9836235046387,5,30,"male"
"1270",11.2678871154785,5,4,"male"
"1271",12.2791080474854,5,19,"female"
"1272",15.6498432159424,5,29,"male"
"1273",12.5198745727539,5,3,"male"
"1274",20.860818862915,5,33,"male"
"1275",10.1410989761353,5,2,"female"
"1276",11.2678871154785,5,15,"male"
"1277",19.7188034057617,5,14,"male"
"1278",16.5360279083252,5,33,"female"
"1279",6.88593101501465,5,9,"male"
"1280",10.230055809021,5,4,"female"
"1281",9.55758285522461,5,30,"female"
"1282",13.3806161880493,5,32,"male"
"1283",7.70960760116577,5,3,"female"
"1284",10.0817947387695,5,6,"female"
"1285",19.8314819335938,5,28,"male"
"1286",21.1272888183594,5,19,"male"
"1287",6.33818674087524,5,3,"male"
"1288",9.63700866699219,5,11,"female"
"1289",12.0727367401123,5,13,"male"
"1290",12.3946762084961,5,12,"male"
"1291",14.0848598480225,5,24,"male"
"1292",11.9721307754517,5,12,"male"
"1293",12.3242521286011,5,26,"female"
"1294",16.9018306732178,5,35,"male"
"1295",21.5341854095459,5,25,"female"
"1296",11.5182847976685,5,1,"male"
"1297",11.2678871154785,5,32,"male"
"1298",7.74667263031006,5,5,"male"
"1299",18.0286197662354,5,24,"male"
"1300",4.88275098800659,5,36,"male"
"1301",13.1458692550659,5,8,"female"
"1302",11.2678871154785,5,7,"male"
"1303",28.7957134246826,5,24,"male"
"1304",14.0126295089722,5,6,"male"
"1305",8.45091533660889,5,5,"female"
"1306",23.7218685150146,5,19,"male"
"1307",9.63700866699219,5,2,"male"
"1308",11.4513187408447,5,6,"male"
"1309",20.6960105895996,5,32,"male"
"1310",9.15515804290771,5,22,"male"
"1311",6.19733810424805,5,1,"male"
"1312",18.3103160858154,5,29,"female"
"1313",14.7520370483398,5,11,"male"
"1314",7.37778329849243,5,15,"male"
"1315",16.8377265930176,5,7,"female"
"1316",17.5278244018555,5,17,"male"
"1317",17.7066802978516,5,30,"male"
"1318",6.19733810424805,5,3,"male"
"1319",28.1697196960449,5,30,"male"
"1320",9.76550197601318,5,2,"female"
"1321",19.5638694763184,5,17,"male"
"1322",15.4933452606201,5,37,"female"
"1323",10.3783168792725,5,18,"female"
"1324",13.7041873931885,5,17,"female"
"1325",15.6341943740845,5,7,"male"
"1326",12.9428443908691,5,8,"male"
"1327",15.2268753051758,5,6,"female"
"1328",10.1410989761353,5,11,"male"
"1329",9.15515804290771,5,3,"female"
"1330",12.6022424697876,5,7,"male"
"1331",12.3946762084961,5,15,"male"
"1332",8.15439224243164,5,9,"male"
"1333",21.1272888183594,5,34,"male"
"1334",19.8939056396484,5,24,"male"
"1335",12.8479671478271,5,3,"female"
"1336",7.70960760116577,5,2,"male"
"1337",7.35542631149292,5,18,"male"
"1338",15.0675230026245,5,24,"male"
"1339",10.230055809021,5,6,"male"
"1340",15.4933452606201,5,23,"female"
"1341",9.93353271484375,5,4,"female"
"1342",21.6906833648682,5,14,"female"
"1343",11.8312816619873,5,11,"male"
"1344",7.98142051696777,5,16,"male"
"1345",14.8320608139038,5,27,"male"
"1346",9.38990592956543,5,16,"female"
"1347",9.01430988311768,5,5,"female"
"1348",8.45091533660889,5,21,"female"
"1349",8.45091533660889,5,23,"male"
"1350",11.5644111633301,5,4,"male"
"1351",16.9018306732178,5,16,"male"
"1352",15.6498432159424,5,12,"female"
"1353",9.85940170288086,5,14,"male"
"1354",11.3304872512817,5,0,"male"
"1355",16.6457424163818,5,13,"female"
"1356",22.535774230957,5,11,"female"
"1357",19.7188034057617,5,25,"female"
"1358",13.2961072921753,5,28,"male"
"1359",15.2921333312988,5,17,"female"
"1360",11.2678871154785,5,15,"female"
"1361",10.0002498626709,5,5,"male"
"1362",13.615364074707,5,15,"female"
"1363",11.5182847976685,5,2,"male"
"1364",16.7676887512207,5,26,"male"
"1365",10.4814825057983,5,8,"male"
"1366",12.3946762084961,5,19,"male"
"1367",18.5436573028564,5,20,"male"
"1368",15.367000579834,5,15,"male"
"1369",8.42669010162354,5,11,"male"
"1370",9.68334102630615,5,23,"male"
"1371",9.03135204315186,5,9,"female"
"1372",12.6022424697876,5,21,"male"
"1373",7.18327856063843,5,2,"female"
"1374",12.5198745727539,5,24,"female"
"1375",11.6801271438599,5,11,"female"
"1376",7.88752126693726,5,3,"female"
"1377",7.88752126693726,5,3,"female"
"1378",7.88752126693726,5,2,"male"
"1379",26.0569896697998,5,17,"male"
"1380",10.1532802581787,5,21,"male"
"1381",19.437105178833,5,32,"male"
"1382",14.6482543945312,5,10,"male"
"1383",6.33818674087524,5,3,"female"
"1384",14.0848598480225,5,11,"male"
"1385",16.1605224609375,5,13,"male"
"1386",16.2758388519287,5,23,"female"
"1387",10.8231029510498,5,4,"female"
"1388",18.3666572570801,5,31,"male"
"1389",15.2116479873657,5,29,"male"
"1390",14.8261680603027,5,20,"male"
"1391",8.63871383666992,5,1,"male"
"1392",10.2435340881348,5,5,"male"
"1393",10.2662973403931,5,2,"male"
"1394",16.2981948852539,5,14,"female"
"1395",20.5133323669434,5,26,"male"
"1396",7.88752126693726,5,1,"male"
"1397",33.8036613464355,5,16,"male"
"1398",11.9117660522461,5,17,"female"
"1399",12.1129789352417,5,9,"female"
"1400",11.8656492233276,5,12,"male"
"1401",23.4747657775879,5,9,"female"
"1402",13.7851810455322,5,24,"male"
"1403",8.89570045471191,5,1,"female"
"1404",38.2638664245605,5,38,"male"
"1405",13.3274555206299,5,6,"male"
"1406",15.4933452606201,5,15,"female"
"1407",19.7065410614014,5,18,"female"
"1408",25.352746963501,5,27,"male"
"1409",22.535774230957,5,9,"female"
"1410",17.7066802978516,5,21,"female"
"1411",14.760931968689,5,32,"male"
"1412",15.023850440979,5,26,"female"
"1413",5.63394355773926,5,4,"female"
"1414",13.3806161880493,5,20,"female"
"1415",16.3087844848633,5,19,"male"
"1416",18.2274646759033,5,30,"female"
"1417",14.0848598480225,5,10,"male"
"1418",11.1196260452271,5,11,"female"
"1419",8.89570045471191,5,5,"female"
"1420",9.15515804290771,5,21,"female"
"1421",10.0606136322021,5,5,"female"
"1422",9.20210838317871,5,12,"male"
"1423",13.148756980896,5,24,"female"
"1424",12.2621126174927,5,16,"female"
"1425",14.1975383758545,5,12,"female"
"1426",6.00954008102417,5,1,"male"
"1427",6.10343933105469,5,25,"male"
"1428",16.479284286499,5,24,"male"
"1429",11.8609342575073,5,5,"male"
"1430",10.5636444091797,5,9,"female"
"1431",8.60741424560547,5,1,"female"
"1432",22.535774230957,5,23,"male"
"1433",15.5496845245361,5,32,"female"
"1434",14.6779069900513,5,22,"female"
"1435",12.2052345275879,5,22,"female"
"1436",20.0004997253418,5,13,"male"
"1437",7.85786914825439,5,6,"female"
"1438",7.46497535705566,5,21,"male"
"1439",16.1193389892578,5,26,"male"
"1440",10.463038444519,5,3,"female"
"1441",12.1442785263062,5,5,"male"
"1442",11.3903646469116,5,7,"male"
"1443",19.0145606994629,5,6,"male"
"1444",8.51642608642578,5,2,"male"
"1445",6.55252170562744,5,2,"female"
"1446",47.5755233764648,5,28,"male"
"1447",8.69247055053711,5,3,"female"
"1448",10.6418943405151,5,10,"female"
"1449",14.3978567123413,5,14,"female"
"1450",26.2100429534912,5,28,"female"
"1451",13.7718620300293,5,33,"female"
"1452",16.7495613098145,5,23,"female"
"1453",15.3033561706543,5,13,"female"
"1454",10.4506521224976,5,22,"male"
"1455",10.2197113037109,5,4,"female"
"1456",8.23422622680664,5,2,"female"
"1457",9.38990592956543,5,25,"male"
"1458",9.15515804290771,5,2,"female"
"1459",17.552864074707,5,22,"male"
"1460",12.3242521286011,5,18,"male"
"1461",9.81915855407715,5,5,"female"
"1462",11.2678871154785,5,24,"female"
"1463",16.9018306732178,5,9,"female"
"1464",24.0381603240967,5,26,"female"
"1465",8.45091533660889,5,3,"female"
"1466",29.1087093353271,5,30,"male"
"1467",9.63700866699219,5,5,"female"
"1468",11.1196260452271,5,1,"male"
"1469",5.45337581634521,5,14,"female"
"1470",11.085488319397,5,19,"female"
"1471",15.6498432159424,5,15,"female"
"1472",15.023850440979,5,24,"male"
